8.146917640869205668e-01,-3.908652230070302491e-01,0.000000000000000000e+00
-5.705898342450441696e-01,-8.472159578800331214e-01,0.000000000000000000e+00
4.401542426147692089e-01,-1.003413494075989343e+00,0.000000000000000000e+00
-2.598542837442124886e-01,-1.063417117185801342e+00,0.000000000000000000e+00
3.143188539006627202e-01,-1.001371825605642085e+00,0.000000000000000000e+00
-4.137711244207595285e-01,-9.140958526011970786e-01,0.000000000000000000e+00
-9.062997078670784745e-01,-2.976892867369839157e-01,0.000000000000000000e+00
1.040518962073385900e+00,-2.191393673327417801e-01,0.000000000000000000e+00
8.943195855318717413e-01,-2.789564020918978149e-01,0.000000000000000000e+00
1.412268030364636218e-01,-9.361986568852537216e-01,0.000000000000000000e+00
9.404795248413214681e-01,-3.124371531678871161e-01,0.000000000000000000e+00
7.017009312342388505e-02,-9.428527418039009955e-01,0.000000000000000000e+00
9.533437044265882232e-01,-2.274722817491549587e-01,0.000000000000000000e+00
1.001569431424812029e+00,-2.479397531865946691e-01,0.000000000000000000e+00
2.026074254609191161e-01,-1.008578892210598044e+00,0.000000000000000000e+00
-8.748493177428278145e-01,-3.383104972666699517e-01,0.000000000000000000e+00
4.581091193209643198e-01,-6.816084901176803212e-01,0.000000000000000000e+00
8.770179075861502804e-01,-2.119545597783010216e-01,0.000000000000000000e+00
8.823889167277709777e-01,-3.829617397363913739e-02,0.000000000000000000e+00
3.942161828812247859e-01,-8.847477674081428711e-01,0.000000000000000000e+00
9.828823179244134955e-01,-1.065700628076469841e-01,0.000000000000000000e+00
2.020832627722421448e-01,-1.013909075932061699e+00,0.000000000000000000e+00
6.919177908166026514e-01,-7.947970886460056228e-01,0.000000000000000000e+00
8.150691151773702403e-01,-3.801114693983517201e-01,0.000000000000000000e+00
5.484891488771981294e-01,-7.022671331227952063e-01,0.000000000000000000e+00
-5.421351732206419749e-01,-9.445359210413607487e-01,0.000000000000000000e+00
8.420617785964031876e-01,-3.953689839430943320e-01,0.000000000000000000e+00
-3.190424376928114869e-01,-9.357751508030284215e-01,0.000000000000000000e+00
-4.612472906099469583e-01,-9.381157532658368492e-01,0.000000000000000000e+00
1.764878471983008790e-01,-9.615900002708002159e-01,0.000000000000000000e+00
9.336965429403534245e-01,-5.680299461878199896e-01,0.000000000000000000e+00
8.157575706233989310e-01,-5.304620925693441791e-01,0.000000000000000000e+00
1.018473325470592439e+00,1.544466354170462297e-02,0.000000000000000000e+00
1.116643526424143440e+00,4.237955369186757748e-02,0.000000000000000000e+00
5.957939109547144563e-01,-6.848904432516034202e-01,0.000000000000000000e+00
8.438436682560578328e-01,-2.483691828324935957e-01,0.000000000000000000e+00
7.465489477488038705e-01,-7.166885221975100029e-01,0.000000000000000000e+00
7.651804827157400180e-01,-6.620853435010185528e-01,0.000000000000000000e+00
6.426704593585430558e-01,-9.771075810725565747e-01,0.000000000000000000e+00
1.058258929573448581e+00,-2.281387139334679071e-01,0.000000000000000000e+00
-6.181989914865203967e-02,-1.031498727411742422e+00,0.000000000000000000e+00
2.642893662687899048e-01,-8.891800242447908120e-01,0.000000000000000000e+00
4.234531438817488169e-01,-8.806370333066176892e-01,0.000000000000000000e+00
8.989315145783698391e-01,-6.318853016155711044e-01,0.000000000000000000e+00
8.816056861755896534e-01,-6.664518357226828504e-02,0.000000000000000000e+00
-3.522101192020123395e-01,-1.007414009114597109e+00,0.000000000000000000e+00
8.695459127524849396e-01,-4.798682825552681719e-02,0.000000000000000000e+00
4.554762497527831688e-01,-7.707581497440176843e-01,0.000000000000000000e+00
8.237439766010749009e-01,-5.216471813040958194e-01,0.000000000000000000e+00
7.300360930528697612e-01,-7.147108115146101337e-01,0.000000000000000000e+00
-1.241056576566931524e-01,-1.040961026937855749e+00,0.000000000000000000e+00
-2.910480924274458370e-01,-1.015416793966482434e+00,0.000000000000000000e+00
7.147635457377966572e-01,-8.335653693736637670e-01,0.000000000000000000e+00
4.211860842804827643e-01,-1.119103139297457750e+00,0.000000000000000000e+00
1.128111098831484499e-01,-1.032898362946573334e+00,0.000000000000000000e+00
4.057719836446538331e-03,-8.924727581388768316e-01,0.000000000000000000e+00
-2.726070208205211287e-02,-9.284122929831502002e-01,0.000000000000000000e+00
1.108055222048106803e+00,-1.803295769206271770e-01,0.000000000000000000e+00
9.699991839647656988e-01,-5.476311549561495573e-01,0.000000000000000000e+00
3.135931175780173885e-01,-9.473740640409022973e-01,0.000000000000000000e+00
9.907617862684532373e-01,-2.835930122928254637e-01,0.000000000000000000e+00
-9.211834310256408753e-02,-8.657348320853196499e-01,0.000000000000000000e+00
7.951211233865066452e-01,-6.758112753375300485e-01,0.000000000000000000e+00
8.932595216954988260e-01,-1.105729717922637301e+00,0.000000000000000000e+00
4.844463196787983650e-01,-7.152352222308733243e-01,0.000000000000000000e+00
8.837253267630896802e-01,5.235597706587920286e-02,0.000000000000000000e+00
-8.595335505322360126e-01,-6.033200807901626384e-01,0.000000000000000000e+00
9.932540868235332221e-01,-2.401159896211267908e-01,0.000000000000000000e+00
1.981251952244859893e-02,-9.202395813610628750e-01,0.000000000000000000e+00
-8.026906468694732233e-01,-7.282823657533856743e-01,0.000000000000000000e+00
9.644456528751861324e-01,-4.182644404144352790e-01,0.000000000000000000e+00
6.280655014840670347e-01,-4.649787503735770544e-01,0.000000000000000000e+00
3.367077517810878606e-01,-1.031351889248204090e+00,0.000000000000000000e+00
8.915310181227671382e-01,-4.366468752443597445e-01,0.000000000000000000e+00
-4.867817206219008375e-01,-8.132338645059807858e-01,0.000000000000000000e+00
9.593171410405031407e-01,-5.139403467402688941e-01,0.000000000000000000e+00
8.298329725382020960e-01,-6.808845563485071972e-01,0.000000000000000000e+00
-9.166442946391243352e-01,-2.436374570402621287e-01,0.000000000000000000e+00
9.266624155868841139e-01,-4.769621397197643664e-01,0.000000000000000000e+00
8.558718919107713985e-01,-6.537054466679593778e-01,0.000000000000000000e+00
9.165562532388482619e-01,-1.484965109799674110e-01,0.000000000000000000e+00
2.761377673356701368e-01,-9.172034893266634015e-01,0.000000000000000000e+00
5.872143610104358924e-01,-9.037935017366788282e-01,0.000000000000000000e+00
4.350416476437342084e-01,-9.271367247699643377e-01,0.000000000000000000e+00
1.001211932608230271e-01,-1.109712441794544535e+00,0.000000000000000000e+00
6.553613501131682062e-01,-4.447499900324823896e-01,0.000000000000000000e+00
2.723196513929421192e-02,-1.141659823969374710e+00,0.000000000000000000e+00
-8.832998932333662179e-01,-4.621071013736058886e-01,0.000000000000000000e+00
5.908441214595502311e-01,-7.706166552487258015e-01,0.000000000000000000e+00
4.766633501460739719e-01,-6.373868712238117684e-01,0.000000000000000000e+00
8.393585504051283008e-01,-4.240282126666464202e-01,0.000000000000000000e+00
4.711951294977425597e-01,-8.869778503395134850e-01,0.000000000000000000e+00
1.172753010672796581e+00,-3.075225901286714469e-01,0.000000000000000000e+00
2.867691989527286767e-01,-1.013192479307584604e+00,0.000000000000000000e+00
7.591474574597716352e-01,-5.352742255692752860e-01,0.000000000000000000e+00
9.575444817025811073e-01,1.055035122079741317e-01,0.000000000000000000e+00
-4.471035397406489809e-01,-8.827257597748549012e-01,0.000000000000000000e+00
8.864088559410924217e-01,-2.586089127128229359e-01,0.000000000000000000e+00
-1.267001833374939157e-01,-8.604270766789631208e-01,0.000000000000000000e+00
6.864199787497262673e-01,-6.468782912828772158e-01,0.000000000000000000e+00
8.612860076552016908e-01,-5.784393756353988225e-01,0.000000000000000000e+00
5.950909009211553524e-01,-5.772617418838954517e-01,0.000000000000000000e+00
6.571425456797185261e-01,-9.066412240850587612e-01,0.000000000000000000e+00
-3.241529652351818891e-01,-1.217596592115238074e+00,0.000000000000000000e+00
-3.403710720680556134e-01,-9.932785261992875814e-01,0.000000000000000000e+00
1.072694411291668537e+00,-3.125461566707570249e-01,0.000000000000000000e+00
1.004892780300275845e+00,-1.427165637166950551e-01,0.000000000000000000e+00
-5.060609822522839085e-01,-7.455283694421104279e-01,0.000000000000000000e+00
9.529091277166713558e-01,-2.466139886872554532e-01,0.000000000000000000e+00
2.995956800720481761e-01,-8.035225990361463122e-01,0.000000000000000000e+00
-7.355242924219851375e-01,-6.086133409583533993e-01,0.000000000000000000e+00
3.034196684146696077e-01,-9.924066006871763435e-01,0.000000000000000000e+00
3.386629527539207762e-01,-9.669238931731646280e-01,0.000000000000000000e+00
4.983476997750976301e-01,-1.039852620124653404e+00,0.000000000000000000e+00
7.575950013008747597e-01,-5.811652892402233705e-01,0.000000000000000000e+00
-5.681359097576602624e-01,-7.452816386384183422e-01,0.000000000000000000e+00
4.999828441519876820e-01,-7.870475783220997057e-01,0.000000000000000000e+00
2.450069709360323256e-01,-7.259976515894850380e-01,0.000000000000000000e+00
1.091100494287874811e+00,-5.399556149987604081e-02,0.000000000000000000e+00
9.314799763330351423e-01,-9.259976289560045704e-02,0.000000000000000000e+00
9.618918710191771693e-01,-1.126275756940751382e-01,0.000000000000000000e+00
5.280062418015792902e-01,-8.129102586448202494e-01,0.000000000000000000e+00
-2.408056874778098932e-01,-8.297219969057740840e-01,0.000000000000000000e+00
1.116079993500024292e-02,-1.029942062254109780e+00,0.000000000000000000e+00
9.288310986071471875e-01,-2.494830382115888201e-01,0.000000000000000000e+00
-1.047764199094497028e+00,-4.992430872178847956e-01,0.000000000000000000e+00
-4.952961008633227635e-01,-9.120764634449493036e-01,0.000000000000000000e+00
2.183321415272509447e-01,-8.988708254029371680e-01,0.000000000000000000e+00
7.677480687459173891e-01,-5.055119637373660657e-01,0.000000000000000000e+00
-1.067530951079401352e-01,-9.439367170610217794e-01,0.000000000000000000e+00
7.721794456803444673e-01,-7.285456186999994532e-01,0.000000000000000000e+00
-5.284737125261672608e-01,-7.540830230518986710e-01,0.000000000000000000e+00
1.011986962456260297e+00,-2.003689173424258452e-01,0.000000000000000000e+00
5.843258789567487010e-01,-9.057629262834934192e-01,0.000000000000000000e+00
1.419570756350110041e-01,-9.099329480689745120e-01,0.000000000000000000e+00
9.474352736488288462e-01,-1.090831862322045320e-01,0.000000000000000000e+00
7.338267967257795510e-01,-4.382290669923624149e-01,0.000000000000000000e+00
9.000718067979643910e-01,-4.499065901493548569e-01,0.000000000000000000e+00
1.136906531999150316e-01,-9.971776993446244131e-01,0.000000000000000000e+00
5.881048514026898655e-01,-8.113927087151371342e-01,0.000000000000000000e+00
6.980200563569545213e-01,-7.127605070934522891e-01,0.000000000000000000e+00
7.576115158904288549e-01,-4.546281120523196773e-01,0.000000000000000000e+00
1.062273790076296409e+00,-2.115253912202920694e-01,0.000000000000000000e+00
-7.483337721948555288e-01,-5.545008487326160695e-01,0.000000000000000000e+00
8.618463419433697315e-01,-1.483671468708471219e-01,0.000000000000000000e+00
-5.467093198833652412e-01,-6.756206972392421184e-01,0.000000000000000000e+00
9.060654751270738050e-01,-3.591234275794132347e-01,0.000000000000000000e+00
4.255323696239916575e-01,-9.878883596215077834e-01,0.000000000000000000e+00
9.250858718388375035e-01,1.638630296251146479e-01,0.000000000000000000e+00
9.508782626623858425e-01,-2.868551099376689395e-01,0.000000000000000000e+00
4.554609822689240639e-01,-7.224001630973083676e-01,0.000000000000000000e+00
-5.303299597974111546e-01,-9.109958001442326481e-01,0.000000000000000000e+00
8.071769578695129344e-01,-1.628816424876858848e-01,0.000000000000000000e+00
5.431370533655137667e-01,-9.296819838808559888e-01,0.000000000000000000e+00
7.349443841021647827e-01,-7.439819340843606410e-01,0.000000000000000000e+00
-4.597000437169957432e-01,-6.583581736258132810e-01,0.000000000000000000e+00
1.023130389146980512e+00,-4.382965173536860770e-01,0.000000000000000000e+00
1.030262189570414710e+00,-3.527427302796402042e-01,0.000000000000000000e+00
2.671498128039816455e-01,-1.049440683722470569e+00,0.000000000000000000e+00
-2.615620593590665122e-01,-1.136472799305193515e+00,0.000000000000000000e+00
1.015066612303002103e+00,-8.534996879118066093e-02,0.000000000000000000e+00
-5.076628567345812248e-01,-7.491385926919381655e-01,0.000000000000000000e+00
-7.701325353727608292e-01,-6.791875044890364199e-01,0.000000000000000000e+00
9.937406804253919868e-01,-3.823472888535883740e-01,0.000000000000000000e+00
4.762229996902176410e-01,-1.062308867366823284e+00,0.000000000000000000e+00
8.124612424145698508e-01,-3.075255271987997197e-01,0.000000000000000000e+00
8.860702536873237278e-01,-5.617910296392727432e-01,0.000000000000000000e+00
8.513109221321665254e-01,-7.908758646668503367e-01,0.000000000000000000e+00
3.503988436341637924e-01,-9.231335628971323315e-01,0.000000000000000000e+00
8.260649397509099989e-01,-8.629602203381422365e-01,0.000000000000000000e+00
1.024646986967066464e+00,-2.447618073253431670e-01,0.000000000000000000e+00
1.382177545544785446e-01,-1.022951557052311999e+00,0.000000000000000000e+00
6.082384145133655773e-01,-8.685320158219005382e-01,0.000000000000000000e+00
-3.572117873062454763e-01,-9.916604139542539720e-01,0.000000000000000000e+00
6.852819560916456609e-01,-6.866394523484014023e-01,0.000000000000000000e+00
1.157107086519674866e+00,-2.519908643358213102e-02,0.000000000000000000e+00
4.250120405613900254e-01,-8.612030984820818746e-01,0.000000000000000000e+00
-5.631711657494224976e-01,-8.245167594699042146e-01,0.000000000000000000e+00
8.157390245519298144e-01,-4.804086130730049198e-01,0.000000000000000000e+00
1.038727319263919036e+00,-3.818220272737682386e-01,0.000000000000000000e+00
7.703273369903610446e-01,-5.231803060959536733e-01,0.000000000000000000e+00
6.736980869757061008e-01,-5.950844198560121256e-01,0.000000000000000000e+00
4.969541412676435899e-01,-7.499666953075767584e-01,0.000000000000000000e+00
3.333028470674226362e-01,-9.195467454507311178e-01,0.000000000000000000e+00
-1.030027463268127885e+00,-4.080715166017886419e-01,0.000000000000000000e+00
2.530363017807216175e-01,-8.870132221399006367e-01,0.000000000000000000e+00
6.240595088045321204e-02,-8.857896604954903497e-01,0.000000000000000000e+00
-1.105678176277651747e+00,-1.072694317093816907e-01,0.000000000000000000e+00
9.234652552648993096e-01,-2.015870451789872897e-01,0.000000000000000000e+00
1.069818813170398064e+00,-2.097943476761879034e-01,0.000000000000000000e+00
1.006645024866370752e+00,-1.494846599104455720e-01,0.000000000000000000e+00
6.226331804830211869e-01,-1.106928594278008493e+00,0.000000000000000000e+00
-4.996083621341254610e-01,-7.049983406886735082e-01,0.000000000000000000e+00
-8.948330584585236780e-01,-6.309501399389060294e-01,0.000000000000000000e+00
9.364378570130348356e-01,-2.344267994237261010e-01,0.000000000000000000e+00
4.630380287908669734e-02,-1.084125510954054850e+00,0.000000000000000000e+00
1.041604666303342031e+00,-4.219567837904774632e-01,0.000000000000000000e+00
1.980828633484042756e-02,-8.600268622986457778e-01,0.000000000000000000e+00
-1.169115829159791120e-01,-1.020631869248692425e+00,0.000000000000000000e+00
4.714666478967852181e-01,-7.607903993352612693e-01,0.000000000000000000e+00
-6.429404146508479467e-01,-1.785766436126430934e+00,1.000000000000000000e+00
1.815909540588308113e+00,-2.440926335819142423e-01,1.000000000000000000e+00
2.033357673127272225e+00,-8.627219969585364634e-02,1.000000000000000000e+00
8.500891889709740745e-01,-1.688374246758110431e+00,1.000000000000000000e+00
1.841389468490248094e+00,-7.660590493757083452e-01,1.000000000000000000e+00
1.833768181360476035e+00,-1.165531538373844711e+00,1.000000000000000000e+00
2.063133754650436469e+00,-2.280585462850892031e-01,1.000000000000000000e+00
2.814094860823689315e-01,-1.962000955059278295e+00,1.000000000000000000e+00
3.816350031126795606e-01,-2.075153250061568144e+00,1.000000000000000000e+00
2.075332363336342301e+00,-4.774994116919714648e-01,1.000000000000000000e+00
1.970765699203400834e+00,-6.770618375590355953e-01,1.000000000000000000e+00
5.408725021108279352e-01,-1.975169954559614194e+00,1.000000000000000000e+00
1.634629819735940570e+00,-1.050394164400017205e+00,1.000000000000000000e+00
-6.625811255296290003e-01,-1.972697850371467609e+00,1.000000000000000000e+00
1.853763422320601206e+00,-7.186291955998587166e-01,1.000000000000000000e+00
6.378999209401250425e-01,-1.893415967216572682e+00,1.000000000000000000e+00
-2.216359220529873220e-04,-1.930530708131836359e+00,1.000000000000000000e+00
1.266643524700139523e+00,-1.551216435546436623e+00,1.000000000000000000e+00
-1.831375430401224191e+00,-1.003569628013300186e+00,1.000000000000000000e+00
-2.059852912580582895e+00,-7.600669820961168943e-01,1.000000000000000000e+00
1.739000932111961939e+00,-7.167422589426805102e-01,1.000000000000000000e+00
1.362047227287126017e+00,-1.444183309239865043e+00,1.000000000000000000e+00
-1.426022459688772948e+00,-1.447160578713831747e+00,1.000000000000000000e+00
1.435063057711074119e+00,-1.406647832578663104e+00,1.000000000000000000e+00
-9.128913204076766208e-01,-1.671025660432363225e+00,1.000000000000000000e+00
-2.151637450949190900e-01,-2.031218094961120268e+00,1.000000000000000000e+00
1.377111147760774923e+00,-1.630643556079301559e+00,1.000000000000000000e+00
1.909944637855332417e+00,-3.628618446569414346e-01,1.000000000000000000e+00
1.841263129841847590e+00,-5.352687314271045160e-01,1.000000000000000000e+00
-1.356524023800754541e+00,-1.682518960910606598e+00,1.000000000000000000e+00
1.211287654709632733e+00,-1.422229400427518442e+00,1.000000000000000000e+00
-1.126624777418359313e+00,-1.614544736068608932e+00,1.000000000000000000e+00
1.598706994505626922e+00,-1.027918012073613330e+00,1.000000000000000000e+00
2.008135169812107268e+00,-2.371596560143640620e-01,1.000000000000000000e+00
-1.354504330043213800e+00,-1.644900761121802057e+00,1.000000000000000000e+00
1.429234038462410039e+00,-1.615012438615530010e+00,1.000000000000000000e+00
1.804429515002828222e+00,-8.932629384937162964e-02,1.000000000000000000e+00
2.071707794090737575e+00,-1.744684747820262616e-01,1.000000000000000000e+00
2.180164654418343062e+00,-2.837041835737132423e-01,1.000000000000000000e+00
2.165903332725017005e+00,-4.188305808181204126e-01,1.000000000000000000e+00
-9.173081723340748006e-01,-1.778732972631017040e+00,1.000000000000000000e+00
1.001336119216798437e+00,-1.798896825774217501e+00,1.000000000000000000e+00
2.098115676851879829e+00,-5.988226067449029660e-02,1.000000000000000000e+00
1.898177705328942144e+00,-4.628532628522992187e-01,1.000000000000000000e+00
1.900496189433008354e+00,-3.719740881550804845e-01,1.000000000000000000e+00
-2.538565417383675804e-03,-1.999375823233031868e+00,1.000000000000000000e+00
1.531062927036603627e+00,-1.432188846550181749e+00,1.000000000000000000e+00
-2.392160287164325216e-01,-2.034320386456288876e+00,1.000000000000000000e+00
1.596741540978404705e+00,-8.754025127470216328e-01,1.000000000000000000e+00
-4.796615952448334275e-01,-2.127964535931521350e+00,1.000000000000000000e+00
8.513674685101797479e-01,-1.835219010947584106e+00,1.000000000000000000e+00
-1.009889634456526686e+00,-1.628696317741063160e+00,1.000000000000000000e+00
1.838189014059368853e+00,-6.827643429040083367e-01,1.000000000000000000e+00
1.848320911238348518e+00,-7.757192398128653910e-01,1.000000000000000000e+00
7.854538726145950944e-01,-1.684923137406758364e+00,1.000000000000000000e+00
1.902720796485272814e+00,-4.460201390675455624e-01,1.000000000000000000e+00
1.174689989228922649e+00,-1.459687047563133389e+00,1.000000000000000000e+00
1.887639362033537660e+00,-9.371460560557752784e-01,1.000000000000000000e+00
4.324380321149879358e-01,-1.963593651252590222e+00,1.000000000000000000e+00
6.951693037222778093e-01,-1.811624677517008619e+00,1.000000000000000000e+00
1.897843637680898476e+00,-7.828783373456890127e-01,1.000000000000000000e+00
1.599291161114675175e+00,-9.686421945047125615e-01,1.000000000000000000e+00
-3.000453217710107312e-01,-2.086743551032270716e+00,1.000000000000000000e+00
1.907426646401144232e+00,-8.355894568192276384e-02,1.000000000000000000e+00
1.625906627039521490e+00,-9.415183968164914097e-01,1.000000000000000000e+00
-2.681794364651793883e-01,-1.820077048141990783e+00,1.000000000000000000e+00
1.692735314628154075e+00,-9.583910349769608761e-01,1.000000000000000000e+00
1.755598298543854296e+00,-2.294464336275180150e-01,1.000000000000000000e+00
1.701464397570620291e+00,-8.915821908752260549e-01,1.000000000000000000e+00
-5.596223305099137235e-01,-1.888417793279670187e+00,1.000000000000000000e+00
1.926463375146267643e+00,-5.335267466083146726e-01,1.000000000000000000e+00
1.633657171755977355e+00,-1.159954227564234941e+00,1.000000000000000000e+00
-1.518473923654848123e+00,-1.446850557954614258e+00,1.000000000000000000e+00
1.339398730628236889e+00,-1.239045869793246935e+00,1.000000000000000000e+00
1.814439862117797952e+00,-3.252603734380922207e-01,1.000000000000000000e+00
-1.416242936602339908e+00,-1.661420019944650051e+00,1.000000000000000000e+00
-9.716752765829573812e-01,-1.742323030301397901e+00,1.000000000000000000e+00
1.875922096971671893e+00,-1.492721769477827476e-01,1.000000000000000000e+00
9.554881345484722566e-01,-1.818806388493890980e+00,1.000000000000000000e+00
3.188743646621221561e-01,-2.013845111999025494e+00,1.000000000000000000e+00
1.543379293554895393e-01,-2.092406971905119040e+00,1.000000000000000000e+00
1.151356776299759188e+00,-1.544095379215902897e+00,1.000000000000000000e+00
1.537989038821840015e+00,-1.412922904936959601e+00,1.000000000000000000e+00
8.030666958470028538e-01,-1.864073146853634899e+00,1.000000000000000000e+00
-8.044528939110898724e-01,-1.875571557451037874e+00,1.000000000000000000e+00
1.892651674727515720e+00,-6.423172826519372158e-01,1.000000000000000000e+00
1.701144168680792212e+00,-7.713026743424983289e-01,1.000000000000000000e+00
1.044162203028876190e+00,-1.668276291274557899e+00,1.000000000000000000e+00
1.025261104657299027e+00,-1.713637772998670261e+00,1.000000000000000000e+00
1.303543117831676756e+00,-1.441881687330110129e+00,1.000000000000000000e+00
1.719107169545511127e+00,-5.813709954285678494e-01,1.000000000000000000e+00
-2.042053665258893730e-02,-2.035499502012235506e+00,1.000000000000000000e+00
1.432915739110683040e+00,-1.349224178676579289e+00,1.000000000000000000e+00
-1.558978488618468772e+00,-1.255781374300772413e+00,1.000000000000000000e+00
1.733909183941380050e+00,-1.003751496795014742e+00,1.000000000000000000e+00
3.203427230451684760e-01,-1.818770402141289377e+00,1.000000000000000000e+00
-2.383634621090843786e-01,-1.819260169339447897e+00,1.000000000000000000e+00
-1.049426485277286991e+00,-1.766117550110785750e+00,1.000000000000000000e+00
1.494357099159027591e+00,-1.597040370855810965e+00,1.000000000000000000e+00
-1.168801266892076862e+00,-1.597237227758654399e+00,1.000000000000000000e+00
2.035200223246501849e+00,-1.421337748963671654e-01,1.000000000000000000e+00
1.050378993151368956e+00,-1.793299716526394194e+00,1.000000000000000000e+00
1.612563632324352403e+00,-1.370133011864270722e+00,1.000000000000000000e+00
-4.236324055877456196e-01,-2.025689185256942526e+00,1.000000000000000000e+00
1.363459758891100160e+00,-1.338972815240459191e+00,1.000000000000000000e+00
1.253012102883247714e+00,-1.511383679375664979e+00,1.000000000000000000e+00
1.842888945482546559e+00,-8.394289693784408035e-01,1.000000000000000000e+00
1.823686085203016782e+00,-6.526049400201016093e-01,1.000000000000000000e+00
3.838502551869321100e-01,-1.824658068401069144e+00,1.000000000000000000e+00
2.138185186248766190e+00,-4.575870519498970168e-01,1.000000000000000000e+00
1.509055887530410311e+00,-9.906205269996145590e-01,1.000000000000000000e+00
8.792919664226114262e-01,-1.703861742982821781e+00,1.000000000000000000e+00
1.129609209497399958e+00,-1.547791768349673580e+00,1.000000000000000000e+00
1.061363155923264801e+00,-1.821958379392552452e+00,1.000000000000000000e+00
2.246018745378858927e+00,-2.165189100537194822e-01,1.000000000000000000e+00
2.187966021532655514e+00,-9.254948957253411601e-01,1.000000000000000000e+00
6.405715574073664875e-01,-1.768168401743135831e+00,1.000000000000000000e+00
-1.731167307189195759e+00,-6.409756964258266354e-01,1.000000000000000000e+00
1.009904355373744789e+00,-1.581930290758370550e+00,1.000000000000000000e+00
2.049633222992836235e+00,1.232260611052379551e-01,1.000000000000000000e+00
2.024728556123718715e+00,-6.501377496685184498e-01,1.000000000000000000e+00
-6.650814342491340181e-01,-2.019738350679440853e+00,1.000000000000000000e+00
-8.553078445861592716e-01,-1.812338089993191126e+00,1.000000000000000000e+00
3.915226732139507337e-01,-1.919841986493455721e+00,1.000000000000000000e+00
1.441539371047806162e+00,-1.531422670035964551e+00,1.000000000000000000e+00
1.671801506175383922e+00,-1.171389363880750434e+00,1.000000000000000000e+00
1.307889679381080583e+00,-1.332347043662454711e+00,1.000000000000000000e+00
5.676442447078637876e-01,-1.957495556383921809e+00,1.000000000000000000e+00
2.049141664564014143e+00,-1.408832309248019277e-01,1.000000000000000000e+00
-1.115879586630347392e-01,-1.763620505154597673e+00,1.000000000000000000e+00
1.894327760099559388e+00,-7.003827970350858800e-01,1.000000000000000000e+00
1.213294132155633198e+00,-1.547349283019582078e+00,1.000000000000000000e+00
-5.332615542342525883e-01,-1.882612268636947528e+00,1.000000000000000000e+00
7.479067170936580522e-02,-1.979255951139486269e+00,1.000000000000000000e+00
1.966661617582541988e+00,-5.579891363558088235e-01,1.000000000000000000e+00
-1.355804431548440103e+00,-1.298802024461138238e+00,1.000000000000000000e+00
1.994817647384752091e+00,-3.213730004403282381e-01,1.000000000000000000e+00
1.749348725090013268e+00,-1.060311380572876994e+00,1.000000000000000000e+00
1.952565650660163632e+00,-6.761394665257860481e-01,1.000000000000000000e+00
-1.344887223646956231e+00,-1.609644291903663094e+00,1.000000000000000000e+00
1.645933301552293226e+00,-1.235335091020514087e+00,1.000000000000000000e+00
1.840369104653390542e+00,-7.993015829023690788e-01,1.000000000000000000e+00
1.965456970240369028e+00,-3.257574287165290183e-01,1.000000000000000000e+00
-2.085274737248095089e+00,-1.975970787593102074e-01,1.000000000000000000e+00
1.285238593171426968e+00,-1.751031927031823310e+00,1.000000000000000000e+00
-1.300489193206687544e+00,-1.674019116114174199e+00,1.000000000000000000e+00
1.366404688980346505e+00,-1.561729169989758637e+00,1.000000000000000000e+00
-1.038821819839582661e+00,-1.707497168632862383e+00,1.000000000000000000e+00
5.477750528390575857e-01,-2.238448869096647531e+00,1.000000000000000000e+00
2.156716828089224602e+00,-1.570146475678822207e-01,1.000000000000000000e+00
2.036691772060805317e+00,-3.494397986719968707e-01,1.000000000000000000e+00
1.981331638208163382e+00,-4.396458494291888286e-01,1.000000000000000000e+00
1.663917375908469998e+00,-1.215305845437562038e+00,1.000000000000000000e+00
1.108342082463966261e+00,-1.562808533658525567e+00,1.000000000000000000e+00
2.028812388588019378e+00,-2.084444386341315070e-01,1.000000000000000000e+00
8.114927424566685810e-01,-1.873315425764684239e+00,1.000000000000000000e+00
1.235735607219365040e+00,-1.382810068599175990e+00,1.000000000000000000e+00
1.659897092941831909e-01,-1.966589045122930424e+00,1.000000000000000000e+00
-1.754787677791277423e+00,-7.329759455149247316e-01,1.000000000000000000e+00
2.173212007408865443e+00,-1.624313278657136261e-01,1.000000000000000000e+00
1.471139386239987967e+00,-1.416200444056858521e+00,1.000000000000000000e+00
1.949217173661063063e+00,3.749176989386814041e-02,1.000000000000000000e+00
-8.793988366912520727e-01,-1.690239431633617562e+00,1.000000000000000000e+00
1.979974558828924369e+00,-3.787254218127568128e-01,1.000000000000000000e+00
1.706405405865166980e+00,-5.779798690494535318e-01,1.000000000000000000e+00
1.285838468749159080e+00,-1.525976302580617894e+00,1.000000000000000000e+00
1.667931229348541100e+00,-9.284710949549246362e-01,1.000000000000000000e+00
1.088164408251970805e+00,-1.462485415899878127e+00,1.000000000000000000e+00
-1.314188922912763013e+00,-1.306427524796347051e+00,1.000000000000000000e+00
1.515821073173975186e+00,-1.453588305092983424e+00,1.000000000000000000e+00
9.305846987471103060e-02,-1.979989604955414428e+00,1.000000000000000000e+00
-1.267115964576050580e+00,-1.323250987664527090e+00,1.000000000000000000e+00
6.535014512802375108e-01,-1.869969228883075818e+00,1.000000000000000000e+00
2.051375024483806264e+00,-1.848693065890376352e-02,1.000000000000000000e+00
6.928702498456413839e-01,-1.897598557710983291e+00,1.000000000000000000e+00
-4.121307506755886307e-01,-2.123408662191760499e+00,1.000000000000000000e+00
-9.760562308522023889e-01,-1.650521124300302844e+00,1.000000000000000000e+00
1.748698762968603049e+00,-9.863750199911885952e-01,1.000000000000000000e+00
1.723437403266148582e+00,-1.192646320366777646e+00,1.000000000000000000e+00
1.157888632903075976e+00,-1.555915094717312597e+00,1.000000000000000000e+00
1.865504042212968949e+00,-7.600734526419042902e-01,1.000000000000000000e+00
1.942309900342918283e+00,-5.783253571311974817e-01,1.000000000000000000e+00
3.057597711218681402e-01,-1.783150447165976038e+00,1.000000000000000000e+00
1.467588753189656092e+00,-1.464391777414003393e+00,1.000000000000000000e+00
1.842331184985913861e+00,-7.908519678084383608e-01,1.000000000000000000e+00
9.217975870164648589e-01,-1.792121600243318236e+00,1.000000000000000000e+00
1.102432791035426130e+00,-1.753484283507598995e+00,1.000000000000000000e+00
1.758329635427235749e+00,-1.019248973671592395e+00,1.000000000000000000e+00
1.690228431591775937e+00,-1.147605666951879266e+00,1.000000000000000000e+00
9.293766690503855177e-01,-1.635534902519657496e+00,1.000000000000000000e+00
9.916362428469819301e-01,-1.615176046611644933e+00,1.000000000000000000e+00
1.755079079765781813e+00,-6.793608198801502907e-01,1.000000000000000000e+00
1.688846765037965270e+00,-7.252029230126553205e-01,1.000000000000000000e+00
1.135395144015616475e+00,-1.543621469786035982e+00,1.000000000000000000e+00
1.534439863350154587e+00,-1.024201964337071669e+00,1.000000000000000000e+00
1.872232874607658415e+00,-5.955505734227626302e-01,1.000000000000000000e+00
-1.760699850492338236e-01,-1.959434978928989768e+00,1.000000000000000000e+00
1.184759093997460822e+00,-1.640255465791503608e+00,1.000000000000000000e+00
1.993377183562043520e+00,-5.990716405744938022e-01,1.000000000000000000e+00
1.355035590684219748e+00,-1.624358081898411799e+00,1.000000000000000000e+00
1.362810836159671357e+00,-2.779144753372581711e+00,2.000000000000000000e+00
1.082060912875377090e+00,-2.816460755039339681e+00,2.000000000000000000e+00
4.635094776546602180e-01,-3.097534008260158789e+00,2.000000000000000000e+00
2.917477696607291726e+00,-9.384010187871756337e-01,2.000000000000000000e+00
-1.494361483512383737e+00,-2.692827417960174330e+00,2.000000000000000000e+00
2.256366828715818063e+00,-1.963216995030689471e+00,2.000000000000000000e+00
1.251325927659794779e+00,-2.722306500298167009e+00,2.000000000000000000e+00
2.878257920810926240e+00,-3.734874680939018199e-02,2.000000000000000000e+00
2.806154479961968651e+00,-1.367078103512316734e+00,2.000000000000000000e+00
2.771208849593121748e+00,-3.542453725859724956e-01,2.000000000000000000e+00
2.116712571410025667e+00,-1.952843345680991494e+00,2.000000000000000000e+00
-1.639137906517301735e+00,-2.416196967338308355e+00,2.000000000000000000e+00
2.273721789007369321e+00,-1.927150386951839378e+00,2.000000000000000000e+00
2.615168692755823976e+00,-1.669798655865866621e+00,2.000000000000000000e+00
-9.111298757336702692e-02,-2.944079304398748320e+00,2.000000000000000000e+00
-1.010335631938781065e+00,-2.842673775786608292e+00,2.000000000000000000e+00
1.279115967709308910e+00,-2.856851162099176999e+00,2.000000000000000000e+00
2.786073523698636478e+00,-1.274200542350959697e+00,2.000000000000000000e+00
1.941877934802855643e+00,-2.290153909079621908e+00,2.000000000000000000e+00
2.521214598750789460e+00,-1.305618412363668712e+00,2.000000000000000000e+00
-2.249816200324489257e-01,-2.977164650633925547e+00,2.000000000000000000e+00
2.579144174209752283e+00,-1.574252866625188707e+00,2.000000000000000000e+00
2.859045862256407222e+00,-1.217344582234180184e+00,2.000000000000000000e+00
-2.466103312320299779e+00,-1.919550060965209637e+00,2.000000000000000000e+00
2.640466500502644198e+00,-1.329566047980322629e+00,2.000000000000000000e+00
-1.017439018338522239e+00,-2.596527211437357430e+00,2.000000000000000000e+00
-1.882847811574202002e-01,-2.902399099832186025e+00,2.000000000000000000e+00
2.849831854240985951e+00,-1.377351640326393900e+00,2.000000000000000000e+00
1.023427909482164777e+00,-2.799568927498518711e+00,2.000000000000000000e+00
2.901801181686615827e+00,-1.011361165095826964e+00,2.000000000000000000e+00
-1.920417662491229027e+00,-2.302814715430204551e+00,2.000000000000000000e+00
1.396328769122329616e+00,-2.573419133786648327e+00,2.000000000000000000e+00
2.367433081881618051e+00,-1.439975518345339323e+00,2.000000000000000000e+00
3.145339041534077840e+00,-9.854546841806340052e-02,2.000000000000000000e+00
4.346529884365177288e-01,-3.148336206484948718e+00,2.000000000000000000e+00
2.289352701473209795e+00,-2.072142438256403540e+00,2.000000000000000000e+00
-2.608205400085028103e+00,-1.377756422673619197e+00,2.000000000000000000e+00
1.244947193757890869e+00,-2.837907192140919133e+00,2.000000000000000000e+00
-1.877857844154279032e+00,-2.308357619313938791e+00,2.000000000000000000e+00
-1.850290126440141125e-01,-2.999557263941852181e+00,2.000000000000000000e+00
2.253510611011549258e+00,-1.751630792101817713e+00,2.000000000000000000e+00
1.969014264925707414e+00,-2.280273583809576010e+00,2.000000000000000000e+00
2.691774711872698234e+00,-1.273597265171536597e-01,2.000000000000000000e+00
-2.767744853557615681e+00,-1.358704043452702681e+00,2.000000000000000000e+00
-2.549329913006861847e+00,-1.935543644956632114e+00,2.000000000000000000e+00
-2.334710476711809868e+00,-1.672299318378702049e+00,2.000000000000000000e+00
2.698378085745745558e+00,-1.099375810312026802e+00,2.000000000000000000e+00
-2.284441801945369388e+00,-1.799496416531036758e+00,2.000000000000000000e+00
2.581641133788767917e+00,-1.418187175765105668e+00,2.000000000000000000e+00
2.607266375982876472e+00,-1.563863502507053971e+00,2.000000000000000000e+00
-1.980366295711303737e+00,-2.139826701222899530e+00,2.000000000000000000e+00
2.721829548954068478e+00,-7.157170213665617897e-01,2.000000000000000000e+00
2.996770157739623297e+00,4.133223535544758298e-02,2.000000000000000000e+00
1.390116082665969310e+00,-2.650719900184408839e+00,2.000000000000000000e+00
2.995779697106980777e+00,-3.787726007465437861e-01,2.000000000000000000e+00
9.320625789951891838e-01,-2.738192971866221903e+00,2.000000000000000000e+00
2.686456715061069200e+00,-8.581593969199068361e-01,2.000000000000000000e+00
1.818497364559799934e+00,-2.497370261751448162e+00,2.000000000000000000e+00
1.455932339099249129e+00,-2.457746534399442240e+00,2.000000000000000000e+00
3.000365339825656896e+00,-6.963096537592634583e-01,2.000000000000000000e+00
3.031521743554039361e+00,-3.955424267772962299e-01,2.000000000000000000e+00
2.198516008849245917e+00,-2.151487119800984615e+00,2.000000000000000000e+00
2.987598188200856875e+00,-2.765085948019120887e-01,2.000000000000000000e+00
-3.311909231353792060e-02,-2.962014847702342912e+00,2.000000000000000000e+00
-2.100243353325417672e+00,-2.108781036381052854e+00,2.000000000000000000e+00
2.982835976845147119e+00,-8.534305917044635592e-01,2.000000000000000000e+00
-9.627973090831476455e-01,-2.936029208532300760e+00,2.000000000000000000e+00
7.762200917244056475e-01,-3.084080773491317373e+00,2.000000000000000000e+00
1.839499854194835304e+00,-2.427720770422173491e+00,2.000000000000000000e+00
1.019786414397729768e+00,-2.944675005149118174e+00,2.000000000000000000e+00
2.858862676435095285e+00,-7.128884048108409255e-01,2.000000000000000000e+00
-1.778212688632028193e+00,-2.537322457057141989e+00,2.000000000000000000e+00
-1.699402543095768880e+00,-2.367366132580389859e+00,2.000000000000000000e+00
2.765054219575070693e+00,-1.207527501035717821e+00,2.000000000000000000e+00
1.708945395666411127e+00,-2.424995521047309310e+00,2.000000000000000000e+00
-1.087393182865875163e+00,-2.672485955406973090e+00,2.000000000000000000e+00
3.001564317174081786e+00,-2.110852383498832974e-01,2.000000000000000000e+00
-2.170374532662746048e-01,-3.113707849059951904e+00,2.000000000000000000e+00
2.322807577230086018e+00,-1.533509338470953942e+00,2.000000000000000000e+00
3.051408803828800309e+00,-8.688081991895840739e-01,2.000000000000000000e+00
-2.966577948212177240e+00,-7.827272691343125643e-01,2.000000000000000000e+00
2.821744570680643438e+00,-1.068073259159290744e+00,2.000000000000000000e+00
-1.775402755491345408e+00,-2.397944943539486395e+00,2.000000000000000000e+00
2.276553755331072626e+00,-2.000004269798445034e+00,2.000000000000000000e+00
-9.009890397655273553e-02,-3.113301497697069653e+00,2.000000000000000000e+00
1.470368032679505443e+00,-2.463653162841653366e+00,2.000000000000000000e+00
4.530291292095746103e-01,-3.055952484836109484e+00,2.000000000000000000e+00
3.016360562425745240e+00,-1.005009094686023730e+00,2.000000000000000000e+00
2.923765728084136484e+00,-7.221835042066622190e-01,2.000000000000000000e+00
2.018977713252785300e+00,-2.123799026507864784e+00,2.000000000000000000e+00
2.404042537774805144e+00,-2.031141887375171429e+00,2.000000000000000000e+00
1.655973593519969755e+00,-2.598442018530075170e+00,2.000000000000000000e+00
2.602853707168788500e+00,-1.227046240400220700e+00,2.000000000000000000e+00
1.487575210990681907e+00,-2.449367862401256701e+00,2.000000000000000000e+00
2.702331539742355293e+00,-6.439179912278015783e-01,2.000000000000000000e+00
-1.886517073536386313e+00,-2.231756302304212625e+00,2.000000000000000000e+00
-6.261730694287057641e-01,-2.909480962285278416e+00,2.000000000000000000e+00
-2.385988769526391495e-01,-2.931381190970985706e+00,2.000000000000000000e+00
1.015845296773202566e+00,-2.954296614391384246e+00,2.000000000000000000e+00
2.420557730073586988e+00,-1.883681432227066743e+00,2.000000000000000000e+00
1.842080048499762590e+00,-2.349310278885415215e+00,2.000000000000000000e+00
-8.722155814747477587e-01,-2.819578066251499315e+00,2.000000000000000000e+00
-1.895605892939652870e+00,-2.257918073356996125e+00,2.000000000000000000e+00
5.672483483769648061e-01,-3.061454325395315479e+00,2.000000000000000000e+00
2.874754177951213574e+00,-9.450477345893454340e-01,2.000000000000000000e+00
-2.377422679803802841e-01,-2.972514122370522038e+00,2.000000000000000000e+00
1.520925004129126679e+00,-2.574197245200313233e+00,2.000000000000000000e+00
1.730061275238018004e+00,-2.336844398117457366e+00,2.000000000000000000e+00
9.058987628402930259e-01,-2.904131386141997506e+00,2.000000000000000000e+00
2.427705703118407499e+00,-1.583810299011523037e+00,2.000000000000000000e+00
-2.211524500078193789e+00,-2.040177821977494865e+00,2.000000000000000000e+00
2.299775040485732003e+00,-1.946740021250245922e+00,2.000000000000000000e+00
2.227127828376581409e+00,-1.987062659676957832e+00,2.000000000000000000e+00
2.991972636186706613e-01,-2.919419354759176244e+00,2.000000000000000000e+00
-4.683618686614487991e-02,-2.754152825247340619e+00,2.000000000000000000e+00
1.367551970915378057e+00,-2.677898756976916594e+00,2.000000000000000000e+00
2.934108063866066374e+00,-2.793545005345743903e-01,2.000000000000000000e+00
-2.149015751295302312e+00,-2.258709534652263429e+00,2.000000000000000000e+00
2.713687902596261026e+00,-1.337462879527389958e+00,2.000000000000000000e+00
2.233819514473021073e+00,-1.973165687746233798e+00,2.000000000000000000e+00
2.662462718816529961e+00,-1.656693043177785984e+00,2.000000000000000000e+00
2.698487771727811957e+00,-1.567978107171020596e+00,2.000000000000000000e+00
6.197885054065324084e-01,-2.899736577255288772e+00,2.000000000000000000e+00
2.727851479758363507e+00,-1.719950683989543982e+00,2.000000000000000000e+00
1.227902498094904038e+00,-2.901056776975013296e+00,2.000000000000000000e+00
2.987040815005862715e+00,-5.292068806811950354e-01,2.000000000000000000e+00
2.222514699051296727e+00,-1.950689025158468759e+00,2.000000000000000000e+00
-2.145658295000910432e+00,-2.257676521824908189e+00,2.000000000000000000e+00
2.269634717860354201e+00,-1.943937294442225960e+00,2.000000000000000000e+00
1.213508046055786993e+00,-2.851084600283159354e+00,2.000000000000000000e+00
2.769296073642353750e+00,-8.961571439663704730e-01,2.000000000000000000e+00
2.713464100507563703e+00,-1.546156757077792099e+00,2.000000000000000000e+00
3.069148978008203965e+00,-4.772719119301116475e-01,2.000000000000000000e+00
2.182618292953292904e+00,-2.074139340398276854e+00,2.000000000000000000e+00
8.704902238136734693e-01,-2.981260857877269910e+00,2.000000000000000000e+00
-8.630924835138665818e-01,-2.756840816556512586e+00,2.000000000000000000e+00
2.896678106091075566e+00,-8.794247132417708501e-01,2.000000000000000000e+00
2.528998142852546760e+00,-1.325719651866425153e+00,2.000000000000000000e+00
2.947173794346458653e+00,-3.877048273741571793e-01,2.000000000000000000e+00
2.865623427389095923e+00,-1.358592353178443179e+00,2.000000000000000000e+00
-2.079714063553453063e-01,-3.146512535050555393e+00,2.000000000000000000e+00
1.580674663194279850e+00,-2.210643299539233553e+00,2.000000000000000000e+00
-1.072312004989031120e+00,-2.741865060709081092e+00,2.000000000000000000e+00
2.859872911098884973e+00,-4.473748128011567071e-01,2.000000000000000000e+00
7.495018413052869644e-01,-2.894679363463531274e+00,2.000000000000000000e+00
-2.403655314314543823e+00,-1.735944830121409987e+00,2.000000000000000000e+00
-2.739056460706237761e+00,-1.212243593881351167e+00,2.000000000000000000e+00
1.613837784057834623e+00,-2.532556824258761718e+00,2.000000000000000000e+00
-3.453127109070361911e-01,-2.823962316404007300e+00,2.000000000000000000e+00
-3.380876353278546853e-01,-3.187325580346111131e+00,2.000000000000000000e+00
-2.162459005487936903e+00,-2.031719676671643438e+00,2.000000000000000000e+00
2.932528815212573026e+00,-1.772609608528266656e-01,2.000000000000000000e+00
2.869614180601030462e+00,7.592536529905200005e-03,2.000000000000000000e+00
1.361277662609703176e+00,-2.802142765026268023e+00,2.000000000000000000e+00
-8.423006692872192502e-01,-2.954710269398895583e+00,2.000000000000000000e+00
9.362215991103126633e-01,-3.179313590892574926e+00,2.000000000000000000e+00
2.923040919741801247e+00,-8.508942557391191430e-01,2.000000000000000000e+00
-6.795730178947777533e-01,-2.907733753648994224e+00,2.000000000000000000e+00
2.227684183979753207e+00,-1.730545726057601819e+00,2.000000000000000000e+00
8.815674905618245960e-01,-2.779493053571612915e+00,2.000000000000000000e+00
3.046085816645433209e+00,-4.933069348892301642e-01,2.000000000000000000e+00
2.067648013618212932e+00,-2.121739510692370878e+00,2.000000000000000000e+00
1.591517907998184711e+00,-2.640789113685163780e+00,2.000000000000000000e+00
-2.505111718201618043e+00,-1.441483565810995016e+00,2.000000000000000000e+00
6.384860397513800190e-02,-3.009727171039621396e+00,2.000000000000000000e+00
8.775628079657977754e-01,-2.970928738438364025e+00,2.000000000000000000e+00
3.125632310543668968e+00,-3.291050306187902619e-01,2.000000000000000000e+00
2.362472882045323352e-01,-3.016537617487434986e+00,2.000000000000000000e+00
-2.507909921544038134e-01,-2.945361928156014830e+00,2.000000000000000000e+00
-3.005775572338229118e+00,-9.256176042407726623e-01,2.000000000000000000e+00
2.568138628710590066e+00,-1.319973874695675953e+00,2.000000000000000000e+00
-2.229372346683809791e+00,-2.053260413423800834e+00,2.000000000000000000e+00
8.489651369695263572e-01,-2.966648962157131031e+00,2.000000000000000000e+00
-1.828666555898656454e-01,-2.981485589008298742e+00,2.000000000000000000e+00
1.024011199609168865e-01,-2.966563090511450618e+00,2.000000000000000000e+00
2.915214221374382131e+00,-2.215511562595348094e-01,2.000000000000000000e+00
1.657807723432846991e+00,-2.599591575369315510e+00,2.000000000000000000e+00
2.171626749352758790e+00,-2.208933783226223913e+00,2.000000000000000000e+00
2.455385839737224796e+00,-1.725622675129743211e+00,2.000000000000000000e+00
6.761000794218794407e-01,-2.778263536584464788e+00,2.000000000000000000e+00
2.388135868863595856e+00,-1.719660641347009467e+00,2.000000000000000000e+00
2.136309538090329641e-01,-2.990103973664078207e+00,2.000000000000000000e+00
2.855829184198737547e+00,-6.657184829832002437e-01,2.000000000000000000e+00
1.947776014811728240e+00,-2.501201299563178715e+00,2.000000000000000000e+00
-1.991539255599917402e+00,-2.384273613271344239e+00,2.000000000000000000e+00
1.715630000114280573e+00,-2.493832792918559083e+00,2.000000000000000000e+00
-1.961576219933731435e+00,-2.305695437952434368e+00,2.000000000000000000e+00
2.942446271740587704e+00,-1.202091679735061425e-01,2.000000000000000000e+00
2.869172301174609085e+00,-6.077025770266488713e-01,2.000000000000000000e+00
-1.702949516089408588e+00,-2.300204193860276192e+00,2.000000000000000000e+00
2.273551897145247302e+00,-1.723858082724254004e+00,2.000000000000000000e+00
-8.778297673485732089e-01,-2.643980869957889279e+00,2.000000000000000000e+00
2.957772766038753165e+00,-1.465209080767049254e-01,2.000000000000000000e+00
-1.677677836119944033e+00,-2.669037759582455926e+00,2.000000000000000000e+00
3.029623272153651126e+00,-5.153715717118066975e-01,2.000000000000000000e+00
1.357430270382883108e+00,-2.726760437546680738e+00,2.000000000000000000e+00
-8.069852836370871030e-01,-2.823054659488690721e+00,2.000000000000000000e+00
2.957649420067281820e+00,-5.872795926953522372e-01,2.000000000000000000e+00
2.764897333613801855e+00,-4.510324062822579361e-01,2.000000000000000000e+00
2.889994157555728638e+00,-9.085025086679224815e-01,2.000000000000000000e+00
