-2.327876608672665437e+00,-7.318287345033470004e+00,2.000000000000000000e+00
6.518180139456354105e+00,-2.667775181810797758e+00,1.000000000000000000e+00
-1.173912317739435940e+00,-8.262164546438762969e+00,2.000000000000000000e+00
-6.018434749854442600e+00,5.461908218165617335e+00,3.000000000000000000e+00
6.684428923033628678e+00,-1.611428723039192601e+00,1.000000000000000000e+00
4.271177628658202607e+00,2.887846062543545145e+00,0.000000000000000000e+00
-1.117341264393155509e+00,-8.384728628224232594e+00,2.000000000000000000e+00
3.487498780786288943e+00,5.117207302779700484e+00,0.000000000000000000e+00
4.860817047317307349e+00,-1.680012658156646133e+00,1.000000000000000000e+00
4.501130925570862473e+00,4.281504934274904528e+00,0.000000000000000000e+00
-7.893784646611884170e+00,4.667611012296866591e+00,3.000000000000000000e+00
-4.977444254928840905e+00,4.314727245544901280e+00,3.000000000000000000e+00
4.412657071114428398e+00,3.502793224851058262e+00,0.000000000000000000e+00
-6.768061463313656212e+00,3.112508064245130157e+00,3.000000000000000000e+00
4.216716767356160744e+00,-5.999510057407972941e-01,1.000000000000000000e+00
4.692427407219772917e+00,4.159107328704597428e+00,0.000000000000000000e+00
6.220600023376918308e+00,-2.642387917407755804e+00,1.000000000000000000e+00
4.551477349831910324e+00,-7.711958832337331149e-01,1.000000000000000000e+00
6.207988566033124656e+00,-3.126993617616367516e+00,1.000000000000000000e+00
6.808635811422394823e+00,-3.344562786574800661e+00,1.000000000000000000e+00
-9.849996567689336402e-01,-7.183901277007347375e+00,2.000000000000000000e+00
5.225540921018708040e+00,-1.633741541430368427e+00,1.000000000000000000e+00
-7.721141060395839695e-01,-7.472904892236993390e+00,2.000000000000000000e+00
-5.356388293918020516e+00,3.427606743097369346e+00,3.000000000000000000e+00
5.737437484153379508e+00,-1.439830506023329626e+00,1.000000000000000000e+00
-1.156119009724051461e+00,-8.770450055405504486e+00,2.000000000000000000e+00
6.333078472923144631e+00,-1.125740254440656951e+00,1.000000000000000000e+00
5.171344177041343748e+00,-2.385515619765936624e-01,1.000000000000000000e+00
5.832678264568356141e+00,-2.286206283953741369e+00,1.000000000000000000e+00
4.710245333530723499e+00,-2.425511712682649978e+00,1.000000000000000000e+00
-4.409484241879244593e+00,4.255046202628426144e+00,3.000000000000000000e+00
6.211336425661021288e+00,-2.674910606194610185e+00,1.000000000000000000e+00
4.751584245669955742e+00,4.344789934598165537e+00,0.000000000000000000e+00
-5.366333865303444917e+00,4.284188362877715761e+00,3.000000000000000000e+00
-1.011117355318886357e+00,-8.184093176879349230e+00,2.000000000000000000e+00
4.990732880098879498e+00,-1.762318044609941570e+00,1.000000000000000000e+00
6.103732303936492798e+00,4.054697191003830525e+00,0.000000000000000000e+00
8.968784492617776216e-01,-9.450833776862452851e+00,2.000000000000000000e+00
4.883503681755384740e+00,-2.931186572939656010e+00,1.000000000000000000e+00
-6.353253681217008619e+00,2.614775283060948752e+00,3.000000000000000000e+00
-6.475560296059439835e+00,3.420422068311362640e+00,3.000000000000000000e+00
4.491237064126940126e+00,3.501267458124466270e+00,0.000000000000000000e+00
6.062163311153173417e+00,-1.356195746333126007e+00,1.000000000000000000e+00
3.593691830420883804e+00,3.911163082894638876e+00,0.000000000000000000e+00
-6.940366587534391840e+00,4.083760783137732275e+00,3.000000000000000000e+00
5.644653537644117591e+00,3.931609010141001725e+00,0.000000000000000000e+00
6.120184871681020766e+00,4.221559224767336360e+00,0.000000000000000000e+00
3.799712659567290096e+00,-1.868058619465780668e+00,1.000000000000000000e+00
-7.449722749617940565e+00,3.639097028902303244e+00,3.000000000000000000e+00
2.755675367703289691e-01,-7.983420868009047489e+00,2.000000000000000000e+00
6.704059021637728932e+00,-2.226263412574756018e+00,1.000000000000000000e+00
-1.355659988182928544e+00,-7.051519294535246729e+00,2.000000000000000000e+00
-7.754305673810540922e-01,-7.338525616526840878e+00,2.000000000000000000e+00
6.116799432600920738e+00,-9.877730336915352405e-01,1.000000000000000000e+00
3.398134927811992334e+00,2.916136883304689675e+00,0.000000000000000000e+00
3.442809684573521878e+00,3.087927778904360210e+00,0.000000000000000000e+00
4.809653583639371455e+00,-1.501845317793768064e+00,1.000000000000000000e+00
-6.372917309189847224e+00,2.314446649917307308e+00,3.000000000000000000e+00
-1.452570256753843658e+00,-7.604981729998510076e+00,2.000000000000000000e+00
-5.543371523480223217e+00,3.455283677183239366e+00,3.000000000000000000e+00
4.318651693500097366e+00,3.993366985563845173e+00,0.000000000000000000e+00
5.431659118085227611e+00,-6.457424347556177668e-01,1.000000000000000000e+00
-7.288309108857283114e+00,2.650515351289505439e+00,3.000000000000000000e+00
-6.659773788802336725e-03,-6.520148825784324309e+00,2.000000000000000000e+00
6.050099028552631708e+00,-2.849574197091782057e+00,1.000000000000000000e+00
5.079499867562820015e+00,4.108999983940540446e+00,0.000000000000000000e+00
-4.855100579106168546e-01,-7.569372239895577614e+00,2.000000000000000000e+00
-5.793330264336163715e+00,4.257719552681154873e+00,3.000000000000000000e+00
-1.171305595730439464e+00,-9.047488289399534978e+00,2.000000000000000000e+00
-1.163174705173902534e+00,-9.241103350316057785e+00,2.000000000000000000e+00
-1.161948904139879835e+00,-8.268650905345872104e+00,2.000000000000000000e+00
-6.258241974451891565e+00,4.000627549883910561e+00,3.000000000000000000e+00
-6.361510091107076548e+00,3.842122109415970765e+00,3.000000000000000000e+00
-7.577193843175560772e+00,2.986249417565397302e+00,3.000000000000000000e+00
-1.715722004124415001e+00,-6.773147515773822569e+00,2.000000000000000000e+00
5.023802070548496701e+00,-2.633740067468503643e+00,1.000000000000000000e+00
-6.172627954341265877e+00,5.101519705413637418e+00,3.000000000000000000e+00
6.655735561006146384e+00,-2.062295920446590269e+00,1.000000000000000000e+00
5.401462227429548513e+00,-2.660462681071003477e+00,1.000000000000000000e+00
3.390180249190734685e+00,4.188827685287829894e+00,0.000000000000000000e+00
4.812636951002387420e+00,3.908265165357637905e+00,0.000000000000000000e+00
-7.090981154629186989e+00,2.402576449850104989e+00,3.000000000000000000e+00
-6.384270298320838144e+00,3.899822277515177849e+00,3.000000000000000000e+00
-2.177153681216721814e+00,-6.608661051356733651e+00,2.000000000000000000e+00
2.350040848077568079e-01,-8.176700032283742203e+00,2.000000000000000000e+00
5.790758260263757506e+00,-1.373060797214325390e+00,1.000000000000000000e+00
5.243828523693832899e+00,-2.027526173384300634e+00,1.000000000000000000e+00
6.694561302075329401e+00,-1.611612282430761711e+00,1.000000000000000000e+00
5.011173132481146375e+00,-2.775515285355469430e+00,1.000000000000000000e+00
-2.200202240714799640e+00,-6.441757488229453266e+00,2.000000000000000000e+00
4.655089984928272528e+00,2.359634147460052844e+00,0.000000000000000000e+00
-6.037034000814845314e+00,3.867919764954258266e+00,3.000000000000000000e+00
5.617545005809466474e+00,6.322913118588729731e+00,0.000000000000000000e+00
-3.151266231977382093e-01,-9.354222797342574225e+00,2.000000000000000000e+00
5.949036552762460239e+00,-1.526794686887761987e+00,1.000000000000000000e+00
3.271147510495359789e+00,2.483196422282968108e+00,0.000000000000000000e+00
-6.853489436889494968e+00,4.858439988557585743e+00,3.000000000000000000e+00
5.882964917989183640e+00,-1.874403181423268006e+00,1.000000000000000000e+00
4.868219344112881153e+00,-2.590904096398103817e+00,1.000000000000000000e+00
-1.485759691760447643e+00,-8.136760818155977404e+00,2.000000000000000000e+00
3.709814084394059908e+00,3.652697340967622441e+00,0.000000000000000000e+00
5.641527600481981430e+00,3.071084979750188015e+00,0.000000000000000000e+00
-1.636265237509419102e+00,-9.695986737692251722e+00,2.000000000000000000e+00
4.411425487960041636e+00,3.317054060915680225e+00,0.000000000000000000e+00
5.216928801635045687e+00,-1.773959006880338363e+00,1.000000000000000000e+00
6.070957243301368322e+00,-7.076517067344385570e-01,1.000000000000000000e+00
-1.813399370160813096e+00,-8.642125650504787870e+00,2.000000000000000000e+00
3.857968714064131888e+00,2.645535470178711712e+00,0.000000000000000000e+00
-4.950652188567405965e+00,3.670058332027318571e+00,3.000000000000000000e+00
4.111826060024684537e+00,3.360190131658714829e+00,0.000000000000000000e+00
-5.992942365649694736e+00,3.584475521358904793e+00,3.000000000000000000e+00
-1.372027001491432419e+00,-8.310982839860910687e+00,2.000000000000000000e+00
-6.235540279675261033e+00,3.322968377163757481e+00,3.000000000000000000e+00
-5.072459417744571653e+00,1.845295447073415751e+00,3.000000000000000000e+00
-5.631911235305745222e+00,3.717038732454563288e+00,3.000000000000000000e+00
1.127904920511945797e+00,-6.905802270052834757e+00,2.000000000000000000e+00
7.239361243705928040e+00,-2.974136566604975052e+00,1.000000000000000000e+00
4.764690401913457052e+00,-2.838171720738198456e+00,1.000000000000000000e+00
-1.983970233074492384e+00,-7.176213566449495929e+00,2.000000000000000000e+00
1.555627411482010114e-01,-8.589157146135503851e+00,2.000000000000000000e+00
6.423999226172912635e+00,-2.311615241466494997e+00,1.000000000000000000e+00
-2.172848672455118368e+00,-7.222066566384172326e+00,2.000000000000000000e+00
-6.254610207638468644e+00,4.110065942783673876e+00,3.000000000000000000e+00
-1.423080857125015530e+00,-8.292484567622935288e+00,2.000000000000000000e+00
5.196025313463450424e+00,-1.322239258484329216e+00,1.000000000000000000e+00
-4.454195961489288536e+00,2.355378373386968427e+00,3.000000000000000000e+00
4.083871130015540807e+00,5.266469702487874827e+00,0.000000000000000000e+00
-2.765113265228574591e+00,-7.480035616642887852e+00,2.000000000000000000e+00
3.469513964078310586e+00,5.575930931880830776e+00,0.000000000000000000e+00
4.477939321241069415e+00,3.326198868866004243e+00,0.000000000000000000e+00
4.868433564546777781e+00,-3.520108436026476717e-01,1.000000000000000000e+00
-7.469371737838015335e+00,5.472419761977686647e+00,3.000000000000000000e+00
-6.447192453738889384e+00,5.181140507244312410e+00,3.000000000000000000e+00
-5.423576673980265994e+00,4.216468397751133246e+00,3.000000000000000000e+00
-6.400564104371486707e+00,3.616733505552158334e+00,3.000000000000000000e+00
-6.225033847827098121e+00,3.342584928890398821e+00,3.000000000000000000e+00
4.779788354492004565e+00,5.701634920282510066e+00,0.000000000000000000e+00
4.431482952074627057e+00,3.818439141319050378e+00,0.000000000000000000e+00
4.637299560705533175e+00,2.688558586506984760e+00,0.000000000000000000e+00
5.109870453231168952e+00,-1.255102927592593787e+00,1.000000000000000000e+00
4.841692558756673037e+00,4.660245491270086582e+00,0.000000000000000000e+00
3.782810390011367208e+00,3.980205052655982456e+00,0.000000000000000000e+00
4.251148145418805591e+00,4.328652495663201094e+00,0.000000000000000000e+00
-1.598029434087989697e+00,-8.508994090036910762e+00,2.000000000000000000e+00
4.949748284222779127e+00,-1.950793694802744449e+00,1.000000000000000000e+00
-4.821240475228457889e+00,5.843390634782384296e+00,3.000000000000000000e+00
7.044922208591838597e+00,-1.424662852847099703e+00,1.000000000000000000e+00
4.335069314403291685e+00,3.219864316106333835e+00,0.000000000000000000e+00
-5.283902437932530560e-03,-8.500368427733391741e+00,2.000000000000000000e+00
3.079436786979530716e+00,4.240751831844449704e+00,0.000000000000000000e+00
-1.993154642123615261e+00,-7.473536563140311451e+00,2.000000000000000000e+00
-1.954521888620883718e+00,-7.773575582570354747e+00,2.000000000000000000e+00
4.485329981127945231e+00,-2.284990256861055169e+00,1.000000000000000000e+00
-3.024747368743121889e+00,-6.999799482788187532e+00,2.000000000000000000e+00
6.214054600864940880e+00,-1.464796533445468896e+00,1.000000000000000000e+00
-2.000931599174926134e+00,-8.710421290338599576e+00,2.000000000000000000e+00
6.177497784909499856e+00,4.575595564680953409e+00,0.000000000000000000e+00
-1.365251567355937556e+00,-6.502043692205921488e+00,2.000000000000000000e+00
6.058408192746031595e+00,4.128782036224709628e+00,0.000000000000000000e+00
-2.502835248929396350e+00,-8.084431931082315614e+00,2.000000000000000000e+00
-4.845668864046008828e-01,-9.121971774743578010e+00,2.000000000000000000e+00
-2.824798454966873429e+00,-7.521104623528914068e+00,2.000000000000000000e+00
4.423138921583618099e+00,4.255368161644168978e+00,0.000000000000000000e+00
2.366533464805347986e+00,3.450320001478451193e+00,0.000000000000000000e+00
-7.798111803816311749e+00,3.259935310330823732e+00,3.000000000000000000e+00
-5.903149597514368629e+00,3.008652948453726328e+00,3.000000000000000000e+00
6.500436226299258102e+00,-1.065922802795987501e+00,1.000000000000000000e+00
5.414925262022338259e+00,4.375264455598317781e+00,0.000000000000000000e+00
-7.241693992014765158e+00,3.875539361100008851e+00,3.000000000000000000e+00
-1.813149566825446257e+00,-7.654630234510769071e+00,2.000000000000000000e+00
-5.489930815916281404e+00,5.991495657734477120e+00,3.000000000000000000e+00
4.477655403196138195e+00,4.199699822935929028e+00,0.000000000000000000e+00
2.666767888020641131e+00,4.805315408018833168e+00,0.000000000000000000e+00
7.779126854261948054e+00,-2.782059349218438449e+00,1.000000000000000000e+00
-1.670029861153903727e+00,-7.781176822139982185e+00,2.000000000000000000e+00
-5.082565178222494540e-01,-7.220470866434840040e+00,2.000000000000000000e+00
6.002004700769639101e+00,3.674804104324809195e+00,0.000000000000000000e+00
-5.692265006351705736e+00,3.535881464083686421e+00,3.000000000000000000e+00
-7.318874528947335589e-01,-7.931077428803488871e+00,2.000000000000000000e+00
4.170006160944863538e+00,3.369298702294238446e+00,0.000000000000000000e+00
-6.134944853286615540e+00,3.425913258318068699e+00,3.000000000000000000e+00
4.719261791151622809e+00,4.059886684455356942e+00,0.000000000000000000e+00
2.268176883923302523e+00,5.741406968353423679e+00,0.000000000000000000e+00
5.774866036780254674e+00,-2.480993787625642710e-01,1.000000000000000000e+00
4.673678207940528573e+00,4.945227061185268447e+00,0.000000000000000000e+00
6.671767306884563098e+00,-1.809902145125501516e-01,1.000000000000000000e+00
3.604363377588108541e+00,3.671714623474477079e+00,0.000000000000000000e+00
4.400145420436941457e+00,3.321551866901776506e+00,0.000000000000000000e+00
5.910213189645352472e+00,-2.087988273896937308e+00,1.000000000000000000e+00
-1.383530860422994113e+00,-7.872482038189308362e+00,2.000000000000000000e+00
5.061653621908431155e+00,4.543042915398989301e+00,0.000000000000000000e+00
5.006103673347675809e+00,-1.571556400418166133e+00,1.000000000000000000e+00
-5.770062775554121615e+00,3.613790527298428756e+00,3.000000000000000000e+00
4.922446897820872636e+00,-2.816483526413988692e+00,1.000000000000000000e+00
-7.427987582450018555e-01,-8.980146108195711463e+00,2.000000000000000000e+00
4.600640186857819280e+00,3.047764274737852830e+00,0.000000000000000000e+00
3.879565740803523788e+00,5.849688939488252082e+00,0.000000000000000000e+00
-7.069684943701725066e-01,-9.375321006620181308e+00,2.000000000000000000e+00
-9.840629775378242350e-01,-9.360010946727008729e+00,2.000000000000000000e+00
3.381314916921031255e+00,3.507872655249486549e+00,0.000000000000000000e+00
-6.647266115655664720e+00,5.144439400587764055e+00,3.000000000000000000e+00
-6.098221264593760793e+00,4.718105088064095121e+00,3.000000000000000000e+00
5.616336696914847160e+00,-3.351219135343072253e+00,1.000000000000000000e+00
4.094977734529192226e+00,3.391712039527250866e+00,0.000000000000000000e+00
4.203673901063922358e+00,3.141761306664769382e+00,0.000000000000000000e+00
3.953860292530991138e+00,4.347691458691889999e+00,0.000000000000000000e+00
-6.221758079816737563e+00,3.256425940087769977e+00,3.000000000000000000e+00
4.091219932868377818e+00,4.676839382791955657e+00,0.000000000000000000e+00
-6.617961349877047317e-01,-6.479804330451337080e+00,2.000000000000000000e+00
6.601526993230265816e+00,-2.092585718572199660e+00,1.000000000000000000e+00
-7.557854115203838319e+00,5.731420308227304972e+00,3.000000000000000000e+00
4.724467837205253318e+00,-1.736815409864419291e+00,1.000000000000000000e+00
-1.876503155399514178e+00,-7.268652351996623295e+00,2.000000000000000000e+00
-1.085101468916199519e+00,-8.487420782135817632e+00,2.000000000000000000e+00
-6.288233242994145655e+00,4.230705619194987221e+00,3.000000000000000000e+00
4.799753533474573786e+00,-1.002370654674322070e+00,1.000000000000000000e+00
4.900911036716284030e+00,3.499606423630997387e+00,0.000000000000000000e+00
-1.107044836103433960e+00,-8.102309312110563155e+00,2.000000000000000000e+00
-5.561819043114659245e+00,3.289419216184634287e+00,3.000000000000000000e+00
-6.166679894159638131e+00,4.538357848717556209e+00,3.000000000000000000e+00
2.647683672756265594e+00,4.773632957515190789e+00,0.000000000000000000e+00
6.247177506386220713e+00,3.075881517625866479e+00,0.000000000000000000e+00
4.548604045521470240e+00,4.601708283599644567e+00,0.000000000000000000e+00
4.738287491271736762e+00,-3.392384830238252214e+00,1.000000000000000000e+00
5.405812721723100012e+00,-1.755401506470461337e+00,1.000000000000000000e+00
3.285517173219504983e+00,2.358817699106361410e+00,0.000000000000000000e+00
5.356812005881939953e+00,4.290439472574923307e+00,0.000000000000000000e+00
5.964253538518375919e+00,-4.477236618124964540e-01,1.000000000000000000e+00
4.105018114293965681e+00,4.212767279125791298e+00,0.000000000000000000e+00
-2.157579104684919535e+00,-9.539443301023872834e+00,2.000000000000000000e+00
-1.632438189716556742e+00,-8.048596494156358361e+00,2.000000000000000000e+00
4.362653220330291681e+00,1.950492019033060576e+00,0.000000000000000000e+00
-2.560216914781960895e+00,-8.958525452674312106e+00,2.000000000000000000e+00
-5.397005719825727077e+00,5.043811371914554975e+00,3.000000000000000000e+00
2.468099347168158708e+00,4.086283406392342776e+00,0.000000000000000000e+00
-4.873005081248523496e+00,3.036316772715650369e+00,3.000000000000000000e+00
4.423995121752375859e+00,-7.436072320023210391e-01,1.000000000000000000e+00
2.909860799257163677e+00,1.715681725518905854e+00,0.000000000000000000e+00
6.201293079755451743e+00,-2.295784762729550454e+00,1.000000000000000000e+00
-6.643707368707361560e+00,3.893842360055620677e+00,3.000000000000000000e+00
5.027669986719730311e+00,-2.250589484740127766e+00,1.000000000000000000e+00
-1.337680797337257532e+00,-6.937753102595641153e+00,2.000000000000000000e+00
5.430966471502327586e+00,-1.038868543449459780e+00,1.000000000000000000e+00
-5.610238403813015751e+00,4.043642425302706123e+00,3.000000000000000000e+00
-1.000155633256396559e+00,-9.003415583312380122e+00,2.000000000000000000e+00
-6.719178257700937351e+00,2.932224924638431318e+00,3.000000000000000000e+00
3.947796902890726489e+00,2.780156655517839859e+00,0.000000000000000000e+00
-1.257029755352883305e+00,-6.683179333468489247e+00,2.000000000000000000e+00
-4.688508970258057573e+00,2.732686114748169359e+00,3.000000000000000000e+00
4.139530507402870541e+00,4.665568224975872980e+00,0.000000000000000000e+00
-6.187085880839782170e-02,-7.097981377089247701e+00,2.000000000000000000e+00
6.979872431357718732e-01,-8.375691885914283930e+00,2.000000000000000000e+00
-1.714808820064418704e+00,-7.787956788804778263e+00,2.000000000000000000e+00
-5.826574438599552153e+00,3.917193918997081692e+00,3.000000000000000000e+00
-1.443770374614030239e+00,-9.812381277894942855e+00,2.000000000000000000e+00
2.640549214752046403e+00,5.092390565876705466e+00,0.000000000000000000e+00
5.934410535974714129e+00,-1.298079918890512108e+00,1.000000000000000000e+00
-6.776168462960196592e+00,3.408775647016733856e+00,3.000000000000000000e+00
4.390518576442623555e+00,5.436398753469578793e+00,0.000000000000000000e+00
6.190023966251688492e+00,-2.767483182807373598e+00,1.000000000000000000e+00
-1.777917162391202455e+00,-6.438177063166659053e+00,2.000000000000000000e+00
4.747665594614509210e+00,4.341892977468764236e+00,0.000000000000000000e+00
4.041869675405236784e+00,5.068794916057036914e+00,0.000000000000000000e+00
-1.693634677089135510e+00,-8.339058394569009991e+00,2.000000000000000000e+00
4.705894406862968005e+00,3.748986998208666765e+00,0.000000000000000000e+00
1.129428797568892584e+00,-8.175196676552713981e+00,2.000000000000000000e+00
4.965207505172827496e+00,3.163306368660086410e+00,0.000000000000000000e+00
-6.681067802085998153e+00,3.209028786688419288e+00,3.000000000000000000e+00
-6.344562559735866358e+00,3.556539558473137852e+00,3.000000000000000000e+00
-7.474071264655335334e+00,4.434202791895832441e+00,3.000000000000000000e+00
-5.220516873264521962e+00,3.621106057100048403e+00,3.000000000000000000e+00
-5.439178782905077725e+00,4.035803591885584574e+00,3.000000000000000000e+00
6.328645664855955033e+00,-1.380194989974638631e+00,1.000000000000000000e+00
-7.019660802764216889e+00,4.842213346494543380e+00,3.000000000000000000e+00
-1.548709754292721286e+00,-8.031035702349743843e+00,2.000000000000000000e+00
7.817122092605433004e-02,-8.682774554811434342e+00,2.000000000000000000e+00
-1.896060979582782746e+00,-9.692828157353574170e+00,2.000000000000000000e+00
-5.242835302004567488e+00,3.474432250102007735e+00,3.000000000000000000e+00
5.805645477285319878e+00,-8.739848035131285720e-01,1.000000000000000000e+00
3.934200995954564295e-01,-8.961978584008024384e+00,2.000000000000000000e+00
5.437967683219876669e+00,-2.146170015518328533e+00,1.000000000000000000e+00
-2.530882075656897268e-01,-8.492685559880987611e+00,2.000000000000000000e+00
5.418122260858196704e+00,-3.064121563099239776e+00,1.000000000000000000e+00
4.865294007649281660e+00,5.293261632673164740e+00,0.000000000000000000e+00
6.897186707736698175e+00,-2.364496161005262387e+00,1.000000000000000000e+00
-6.413922621299002813e+00,3.033972528580209715e+00,3.000000000000000000e+00
3.529092537604823665e+00,3.321784124495788415e+00,0.000000000000000000e+00
-1.793282424544021314e+00,-7.093009487526605206e+00,2.000000000000000000e+00
-2.107839014389993437e+00,-7.877676705390672218e+00,2.000000000000000000e+00
4.271512342451442734e+00,3.365882953536110556e+00,0.000000000000000000e+00
-6.523895242311374076e+00,2.511225809473375925e+00,3.000000000000000000e+00
-1.827740150858848889e+00,-8.261108912763484469e+00,2.000000000000000000e+00
-9.614702211003783860e-01,-8.257025177155540518e+00,2.000000000000000000e+00
4.143471604028166944e+00,4.659834880617290231e+00,0.000000000000000000e+00
-5.334631810921218076e+00,2.749697002828663361e+00,3.000000000000000000e+00
-5.132430134225330676e+00,3.933615655918284215e+00,3.000000000000000000e+00
-5.347076992979593157e+00,3.233424379063173149e+00,3.000000000000000000e+00
5.535599288571932952e+00,-3.491022514569204205e+00,1.000000000000000000e+00
-7.121006436050167920e+00,3.650134266044190667e+00,3.000000000000000000e+00
2.359893891355304696e+00,4.206199367928981303e+00,0.000000000000000000e+00
4.162672197017640130e+00,4.453580919655343529e+00,0.000000000000000000e+00
-2.343538366424056107e+00,-8.703909794747167084e+00,2.000000000000000000e+00
-7.958742098633436513e+00,4.700266576334736435e+00,3.000000000000000000e+00
5.956387213331588271e+00,9.560619652827684334e-02,1.000000000000000000e+00
-6.149315815863760193e+00,3.603567068906130544e+00,3.000000000000000000e+00
-5.808027140016592149e+00,4.137876861184832222e+00,3.000000000000000000e+00
4.315156170779481215e+00,3.604762772017709782e+00,0.000000000000000000e+00
-6.066471128071171393e-01,-8.065449179167956117e+00,2.000000000000000000e+00
-6.306088449434553489e+00,5.019268978935613745e+00,3.000000000000000000e+00
-9.503033910245353155e-01,-7.514897507072224592e+00,2.000000000000000000e+00
3.688624859264773903e+00,4.907557433119736245e+00,0.000000000000000000e+00
-6.615372951452740402e+00,4.203245899754256776e+00,3.000000000000000000e+00
-6.968763666043534810e-01,-7.900736292635452962e+00,2.000000000000000000e+00
-2.321633077816430024e+00,-8.756135305812195568e+00,2.000000000000000000e+00
-4.989811869067231065e+00,3.160880626246060032e+00,3.000000000000000000e+00
4.469124903936315008e+00,4.087590187466461522e+00,0.000000000000000000e+00
5.417820832476984094e+00,4.059043231954174047e+00,0.000000000000000000e+00
5.385273472994480670e+00,2.608075152555787923e+00,0.000000000000000000e+00
4.174082214525441259e+00,5.422929571042183206e+00,0.000000000000000000e+00
3.925340814873648387e+00,4.876156603232006503e+00,0.000000000000000000e+00
-5.094328311309681112e+00,4.851112116341287361e+00,3.000000000000000000e+00
-6.358931839033422406e+00,3.749094628329537660e+00,3.000000000000000000e+00
-7.129851980207550177e+00,3.057667360828978165e+00,3.000000000000000000e+00
4.330249437483854713e+00,4.482093840687812580e+00,0.000000000000000000e+00
5.572858777181320278e+00,-7.297884446344637954e-01,1.000000000000000000e+00
4.344520310206429592e+00,4.157595388266464909e+00,0.000000000000000000e+00
6.402341090458971706e-01,-7.174535219838406697e+00,2.000000000000000000e+00
4.306060176213178714e+00,2.138525606588934203e+00,0.000000000000000000e+00
-1.941504077410385776e+00,-6.423267164987098710e+00,2.000000000000000000e+00
-7.488796227843622866e+00,3.010486071790245077e+00,3.000000000000000000e+00
-1.868631327105600537e+00,-9.142418731048794101e+00,2.000000000000000000e+00
-5.120917040852905444e+00,4.439582024962816398e+00,3.000000000000000000e+00
4.998442465139773638e+00,-1.673262541096417255e+00,1.000000000000000000e+00
-5.002913198415249951e+00,2.789271850879897485e+00,3.000000000000000000e+00
-8.667258485372991705e-01,-8.779994876227981138e+00,2.000000000000000000e+00
-2.583287873155841297e+00,-8.603979756773899368e+00,2.000000000000000000e+00
5.120068201032407451e+00,-1.746790177342383066e+00,1.000000000000000000e+00
5.485977674324680642e+00,-7.156676459480320052e-01,1.000000000000000000e+00
5.981734338251405880e+00,3.695539447788529497e+00,0.000000000000000000e+00
-6.264191917747445437e+00,4.837461414407969507e+00,3.000000000000000000e+00
5.873968685252850541e+00,-1.050948667173440043e+00,1.000000000000000000e+00
-1.055288640687577884e+00,-9.616658884467748081e+00,2.000000000000000000e+00
3.148601899085764266e+00,4.589340602884702136e+00,0.000000000000000000e+00
3.227904316921752503e+00,4.038270823074217475e+00,0.000000000000000000e+00
6.373533719715918089e+00,-1.238062400331630730e+00,1.000000000000000000e+00
4.776776460292880166e+00,-3.197225276039561415e+00,1.000000000000000000e+00
5.720640087322715672e+00,-1.216276581965314296e+00,1.000000000000000000e+00
2.407923000842001393e+00,4.505687252648236552e+00,0.000000000000000000e+00
-9.145701129490928505e-01,-7.001692009520233739e+00,2.000000000000000000e+00
5.032583780287287922e+00,5.294846572085207370e+00,0.000000000000000000e+00
5.324795792819966955e+00,-2.798680208067108488e+00,1.000000000000000000e+00
4.185307448311575307e+00,4.204453892803893922e+00,0.000000000000000000e+00
4.481991950889452347e+00,3.411575631944863574e+00,0.000000000000000000e+00
3.864118490407340012e+00,2.818015561316340456e+00,0.000000000000000000e+00
3.187687464820502470e+00,4.053176182851609965e+00,0.000000000000000000e+00
6.116561169109185236e+00,-1.426648773142164206e+00,1.000000000000000000e+00
-6.184786372547112165e+00,3.672372742069496265e+00,3.000000000000000000e+00
3.651324599993054143e+00,4.075436302491644902e+00,0.000000000000000000e+00
-5.242492037475177113e+00,3.850466743799656921e+00,3.000000000000000000e+00
-2.426017912967902035e+00,-8.536234607464516344e+00,2.000000000000000000e+00
4.216960815639938964e+00,5.408144735660673774e+00,0.000000000000000000e+00
-6.660204301578861674e+00,3.918490691402441772e+00,3.000000000000000000e+00
6.066751924123475526e+00,-7.094048528123464425e-01,1.000000000000000000e+00
-1.918302152266656346e+00,-7.358785018392223876e+00,2.000000000000000000e+00
-1.117560007923661392e+00,-7.811661360937375065e+00,2.000000000000000000e+00
-7.441984641867018802e+00,4.478991363578633589e+00,3.000000000000000000e+00
5.073578855563916967e+00,-2.043729343108846130e+00,1.000000000000000000e+00
5.099181274357150961e+00,-2.171391924948827601e+00,1.000000000000000000e+00
3.924319747784999368e+00,5.066519902460538738e+00,0.000000000000000000e+00
-5.811877703801190620e+00,4.152012545613874117e+00,3.000000000000000000e+00
-5.956875745770048525e+00,2.170805476996772843e+00,3.000000000000000000e+00
-5.489720461218000835e+00,4.538354471347607166e+00,3.000000000000000000e+00
4.028885257850247648e+00,2.855825864786018187e+00,0.000000000000000000e+00
2.561473239939639157e+00,2.760259808723223962e+00,0.000000000000000000e+00
3.208818411460302666e+00,-2.137072014377157991e+00,1.000000000000000000e+00
-5.393202744394919534e+00,3.945539406894059908e+00,3.000000000000000000e+00
4.092967046562003830e+00,3.901344233664457040e+00,0.000000000000000000e+00
7.260662994810717308e+00,-2.975538874835311098e+00,1.000000000000000000e+00
5.671403332059196778e+00,-1.882786746496591723e+00,1.000000000000000000e+00
-1.555311356296431802e+00,-7.577527836634622815e+00,2.000000000000000000e+00
-1.385974454166825520e+00,-8.567457088486445826e+00,2.000000000000000000e+00
6.971848788135176278e+00,-1.023153772401402817e+00,1.000000000000000000e+00
-1.065357593871603115e+00,-8.884190375782885951e+00,2.000000000000000000e+00
-2.142349702275597956e+00,-8.909291957109889637e+00,2.000000000000000000e+00
-6.122319400790245503e+00,4.744646474461121421e+00,3.000000000000000000e+00
-3.872759892148700533e-01,-8.123480538913899096e+00,2.000000000000000000e+00
-4.700102040366002321e+00,3.981612975407351041e+00,3.000000000000000000e+00
4.678611607526578453e+00,-2.261271007871486383e+00,1.000000000000000000e+00
3.966262097035564871e+00,3.322376827684240030e+00,0.000000000000000000e+00
5.905213198073996139e+00,-1.970452484666739057e+00,1.000000000000000000e+00
4.772740231323167492e+00,-1.532268705037866718e+00,1.000000000000000000e+00
4.932932415975178841e+00,-2.769890521324137378e+00,1.000000000000000000e+00
5.549765679737476809e+00,-1.463367764911750246e+00,1.000000000000000000e+00
-7.389654215838900697e+00,3.616047315417628027e+00,3.000000000000000000e+00
-2.855993779850596326e+00,-7.223816526017682094e+00,2.000000000000000000e+00
5.147395630231831554e+00,-3.073612365621029241e+00,1.000000000000000000e+00
6.479678621489703971e+00,-2.102860056911753261e+00,1.000000000000000000e+00
-3.977589206610839812e-01,-6.821613105214664685e+00,2.000000000000000000e+00
-1.928021990666286545e+00,-8.438447227729374944e+00,2.000000000000000000e+00
5.155462657025469575e+00,5.656876302165825265e+00,0.000000000000000000e+00
-6.457144550079592982e+00,3.702079561003769115e+00,3.000000000000000000e+00
5.212908188922944497e+00,4.295056118851748650e+00,0.000000000000000000e+00
-2.036641798999925701e+00,-7.310072127880961723e+00,2.000000000000000000e+00
-7.995326298495086803e-03,-8.232160474050360222e+00,2.000000000000000000e+00
-1.849520674147259847e+00,-7.281723459330819992e+00,2.000000000000000000e+00
-6.885562603971564499e+00,5.291328165769345837e+00,3.000000000000000000e+00
-7.107023179555329584e-01,-8.646819439731611823e+00,2.000000000000000000e+00
-7.563717128070903684e+00,3.613593096783282554e+00,3.000000000000000000e+00
-6.240739717289059740e+00,4.218805360485408329e+00,3.000000000000000000e+00
3.999975238338955741e+00,-1.107219061607546795e+00,1.000000000000000000e+00
-6.026942423660218928e+00,4.118710174666535551e+00,3.000000000000000000e+00
-5.880719460871478788e+00,3.921396140325674740e+00,3.000000000000000000e+00
-1.784907452021362584e+00,-9.612283124366051368e+00,2.000000000000000000e+00
-1.023666205499210280e+00,-7.962237300204410673e+00,2.000000000000000000e+00
-6.720059228907992122e+00,4.174514481819144862e+00,3.000000000000000000e+00
5.906736363470272089e+00,-1.285635222521923637e+00,1.000000000000000000e+00
-2.226277809804269481e+00,-9.343126786856165822e+00,2.000000000000000000e+00
3.803863210581081233e+00,5.136200380288408418e+00,0.000000000000000000e+00
-1.475199690567635225e+00,-7.749798126099075368e+00,2.000000000000000000e+00
-7.418616047535122604e+00,4.744256965573819151e+00,3.000000000000000000e+00
4.940268183315366102e+00,-1.759528025437293586e-01,1.000000000000000000e+00
-1.521150460523773118e+00,-7.660795627933568497e+00,2.000000000000000000e+00
5.918449721234567917e+00,-1.526456758418280213e+00,1.000000000000000000e+00
5.849263241658915646e+00,-2.070222542067288174e-01,1.000000000000000000e+00
4.713650943228896217e+00,-1.809930842477464719e+00,1.000000000000000000e+00
-5.561681773156197828e+00,2.947759088331319610e+00,3.000000000000000000e+00
3.837207274839223636e+00,1.677203046143473042e+00,0.000000000000000000e+00
4.160693524046858549e+00,4.721935959585389142e+00,0.000000000000000000e+00
-2.295750256764747199e+00,-7.616249027337896216e+00,2.000000000000000000e+00
5.014995607628895513e+00,4.340857426978661948e+00,0.000000000000000000e+00
5.094939793557761831e+00,4.551443647893650635e+00,0.000000000000000000e+00
-5.349578805490394551e+00,3.817918022732872174e+00,3.000000000000000000e+00
6.116800179067060306e+00,-1.677960180986760585e+00,1.000000000000000000e+00
4.618686531767604464e+00,4.113269122407896994e+00,0.000000000000000000e+00
-6.301976773496041240e+00,3.861114506007493397e+00,3.000000000000000000e+00
5.681389122711747675e+00,-2.755262098737013332e+00,1.000000000000000000e+00
6.250578535830809024e+00,-1.211042187160208394e+00,1.000000000000000000e+00
-6.043061397712392591e+00,4.960237355844657969e+00,3.000000000000000000e+00
4.331067913145965953e+00,4.989978120417501550e+00,0.000000000000000000e+00
4.485559656898907122e+00,3.132348520058876318e+00,0.000000000000000000e+00
3.465487866715634802e+00,3.360924025599670628e+00,0.000000000000000000e+00
4.312753554907018838e+00,5.276666184090690770e+00,0.000000000000000000e+00
5.448580893219186372e+00,3.695681524590408440e+00,0.000000000000000000e+00
5.455142181020788961e+00,-2.479252291814365350e+00,1.000000000000000000e+00
4.379662421779182857e+00,4.944984781311437594e+00,0.000000000000000000e+00
5.085389864010922523e+00,-3.384309821095612403e-01,1.000000000000000000e+00
-6.914646774131128382e+00,4.653665165341629439e+00,3.000000000000000000e+00
-6.698288186406816003e+00,4.472352462388318628e+00,3.000000000000000000e+00
5.577103547842739317e+00,-1.786541672950640702e+00,1.000000000000000000e+00
-5.884362307408926185e+00,2.676948330206305293e+00,3.000000000000000000e+00
-6.493156313652860945e+00,2.747113592387869119e+00,3.000000000000000000e+00
5.096862829783656679e+00,4.172632718278018515e+00,0.000000000000000000e+00
-7.220330944117166361e+00,4.074493697642178169e+00,3.000000000000000000e+00
-1.692488672856448995e+00,-7.688027192981446767e+00,2.000000000000000000e+00
6.838127514403067764e+00,-1.107845808641346075e+00,1.000000000000000000e+00
4.581104322099704973e+00,-2.073667576945912749e+00,1.000000000000000000e+00
-5.246256694237346530e+00,3.841355433167839895e+00,3.000000000000000000e+00
-2.174881516390559266e+00,-7.817192520738908357e+00,2.000000000000000000e+00
6.326558774088163695e+00,-2.789350552059694621e+00,1.000000000000000000e+00
5.329518419831217102e+00,-1.939709005838182954e+00,1.000000000000000000e+00
-2.310411589451010883e+00,-8.141763163200860021e+00,2.000000000000000000e+00
3.514585106531489256e-01,-9.047128860464162869e+00,2.000000000000000000e+00
4.961326217594815624e+00,2.956942615447322620e+00,0.000000000000000000e+00
5.597675566993120633e+00,-1.614989450080148936e+00,1.000000000000000000e+00
-5.714227577477446474e+00,3.610515706947008852e+00,3.000000000000000000e+00
-6.258935370419821176e+00,3.238840665293817977e+00,3.000000000000000000e+00
5.774202031738129293e+00,-2.713730960474806331e+00,1.000000000000000000e+00
-7.300151752976662856e+00,4.514074663085160921e+00,3.000000000000000000e+00
7.216947488656984433e+00,-1.157342849851623612e+00,1.000000000000000000e+00
-5.404632041161744338e-01,-9.267116661886213080e+00,2.000000000000000000e+00
-5.843369755984207714e+00,3.204553563722363663e+00,3.000000000000000000e+00
3.144924496335823605e+00,3.086917774113742130e+00,0.000000000000000000e+00
-5.572104575110956581e+00,3.915635186700690440e+00,3.000000000000000000e+00
3.250334044138614153e-01,-7.710796714981655420e+00,2.000000000000000000e+00
-7.548624399446820732e+00,3.366226334269193377e+00,3.000000000000000000e+00
2.681079234449320836e+00,2.964857873587172676e+00,0.000000000000000000e+00
5.851245683998826941e+00,-2.713844877904144415e+00,1.000000000000000000e+00
4.662908673424112749e+00,4.877151603367063437e+00,0.000000000000000000e+00
-2.169906375067191640e+00,-6.984711447725959310e+00,2.000000000000000000e+00
-5.600928797994098041e+00,4.199817613912354197e+00,3.000000000000000000e+00
-3.909684066000619351e-01,-7.771552871593586431e+00,2.000000000000000000e+00
4.304217083031145030e+00,-1.204296029241117116e+00,1.000000000000000000e+00
-1.186896458039747637e+00,-5.804392724250014624e+00,2.000000000000000000e+00
-1.094478151584795889e+00,-9.830769172511935494e+00,2.000000000000000000e+00
4.598982166970576380e+00,-1.085821428697436808e+00,1.000000000000000000e+00
5.122117565517502413e+00,-1.913865828113892054e+00,1.000000000000000000e+00
-3.023843664689747079e-01,-9.098721748225473860e+00,2.000000000000000000e+00
1.146065313711885914e+00,-7.768956875039956245e+00,2.000000000000000000e+00
-1.426607164944765360e+00,-8.178872601252008323e+00,2.000000000000000000e+00
2.902224831349105472e+00,4.873197939865121064e+00,0.000000000000000000e+00
-5.930655450035127174e+00,5.006482508740392134e+00,3.000000000000000000e+00
4.255279969953991603e+00,3.858712151365785381e+00,0.000000000000000000e+00
6.281058643531476804e+00,-4.955684487718376996e-01,1.000000000000000000e+00
3.451014747237488134e+00,-1.605273843931846578e+00,1.000000000000000000e+00
4.663479725768697293e+00,3.887665378332984201e+00,0.000000000000000000e+00
-1.393681699082566672e+00,-9.805916961805172249e+00,2.000000000000000000e+00
4.794320366080253137e+00,-3.503403954587169800e+00,1.000000000000000000e+00
5.691686863726299173e+00,-2.101738370424457436e+00,1.000000000000000000e+00
3.847625309347264988e+00,3.535362851606477008e+00,0.000000000000000000e+00
5.291633589352446876e+00,-3.187241891567584418e+00,1.000000000000000000e+00
5.545289670507089319e+00,4.522013459204781149e+00,0.000000000000000000e+00
4.482492812825380923e+00,-2.867484696184418702e+00,1.000000000000000000e+00
4.721390384712345067e+00,-1.357985599810200839e+00,1.000000000000000000e+00
5.794124194969729302e+00,-2.382993509226677631e+00,1.000000000000000000e+00
-6.312580412202108526e+00,4.065645632388018349e+00,3.000000000000000000e+00
4.067091336807928670e+00,3.826057539850978628e+00,0.000000000000000000e+00
-6.193048482698464419e+00,4.297456872548910845e+00,3.000000000000000000e+00
-7.034859252288314657e+00,3.818438466665306841e+00,3.000000000000000000e+00
-5.645615160794330123e+00,3.707194754606446541e+00,3.000000000000000000e+00
3.864181260650820349e+00,3.010949005238423570e+00,0.000000000000000000e+00
-1.563088062272752099e+00,-7.381125544041010400e+00,2.000000000000000000e+00
-6.898713488360390222e+00,4.016789470980944188e+00,3.000000000000000000e+00
-6.400640559155721832e+00,3.362608413942564489e+00,3.000000000000000000e+00
-4.901631876806968435e+00,3.766113775547093923e+00,3.000000000000000000e+00
5.207067713142326859e+00,4.078661736017707540e+00,0.000000000000000000e+00
-9.059249821481420994e-01,-8.780230952434555647e+00,2.000000000000000000e+00
5.356607596473438981e+00,-2.833079621020198502e+00,1.000000000000000000e+00
4.745264599957383922e+00,-2.270866679156585910e+00,1.000000000000000000e+00
-8.425378705675712343e-01,-8.405145606824774518e+00,2.000000000000000000e+00
-2.238652826214306835e-01,-7.753422670166383313e+00,2.000000000000000000e+00
5.548562060254270456e+00,-2.352376990977266935e+00,1.000000000000000000e+00
5.642909764058336108e+00,3.257571520901709761e+00,0.000000000000000000e+00
6.547830907823839475e+00,-1.860693897509779760e+00,1.000000000000000000e+00
-6.184969690335046621e+00,3.712910645254466679e+00,3.000000000000000000e+00
6.541124107516560038e+00,-1.619703610567566621e-01,1.000000000000000000e+00
4.581826300369984395e+00,4.011489237186190771e+00,0.000000000000000000e+00
-1.456106072949606034e+00,-7.760218640428485415e+00,2.000000000000000000e+00
5.332872841487821702e+00,-3.285871738965791877e+00,1.000000000000000000e+00
-8.367520863620412364e-01,-8.755483356870948697e+00,2.000000000000000000e+00
5.218569012422480391e+00,4.554661995099959171e+00,0.000000000000000000e+00
-1.372138474428827637e+00,-6.773247739452060934e+00,2.000000000000000000e+00
-1.943154905795588805e+00,-8.411375204231424263e+00,2.000000000000000000e+00
6.557387471980110405e+00,-2.869522870953796989e+00,1.000000000000000000e+00
5.944115632048819542e+00,-2.316550530013561815e+00,1.000000000000000000e+00
-4.825939421844755550e+00,4.043304672494948626e+00,3.000000000000000000e+00
4.520740627239531406e+00,3.416438365627153750e+00,0.000000000000000000e+00
5.075845541071340783e+00,3.789434640389850451e+00,0.000000000000000000e+00
3.518054222102033446e+00,3.659348382432115798e+00,0.000000000000000000e+00
-1.520933925112714302e+00,-9.292158835878996825e+00,2.000000000000000000e+00
-9.047921314671649728e-01,-7.734237034918940878e+00,2.000000000000000000e+00
5.950263853764004018e+00,-1.789076416579434836e+00,1.000000000000000000e+00
-4.627258953261620178e+00,2.774567256259226511e+00,3.000000000000000000e+00
-7.439478235267326767e+00,4.728285287134144532e+00,3.000000000000000000e+00
5.394125930199504815e+00,-2.517597234324709277e+00,1.000000000000000000e+00
6.011599798435179665e+00,4.305226535127486542e+00,0.000000000000000000e+00
-6.226160832206717011e+00,5.416428480748286312e+00,3.000000000000000000e+00
-7.041452934188298762e+00,4.365283510512377063e+00,3.000000000000000000e+00
-4.357040583356662111e+00,3.105526134423306939e+00,3.000000000000000000e+00
-1.033657996648723820e+00,-6.958909993499244884e+00,2.000000000000000000e+00
4.725346380020683412e+00,5.369782212450049386e+00,0.000000000000000000e+00
6.070519152702280152e+00,-1.603166360659242340e+00,1.000000000000000000e+00
-9.136754838045486604e-01,-7.903436076386735287e+00,2.000000000000000000e+00
-5.050962538239661015e+00,3.693139691936082158e+00,3.000000000000000000e+00
6.616898758098192168e+00,-2.257443614699502277e+00,1.000000000000000000e+00
-2.894555136009765661e+00,-7.500027899408749477e+00,2.000000000000000000e+00
3.815808313508193272e+00,3.643775290865888028e+00,0.000000000000000000e+00
-1.112408658046347476e+00,-8.515597369132590799e+00,2.000000000000000000e+00
5.325486147622023658e+00,-1.958212979511832819e+00,1.000000000000000000e+00
5.231540528867069995e+00,-1.949627362503361105e-01,1.000000000000000000e+00
-7.846363583651601026e+00,3.219238349066897875e+00,3.000000000000000000e+00
3.447144815172317411e+00,3.102254991151338182e+00,0.000000000000000000e+00
4.731932783094233486e+00,3.685065111902159796e+00,0.000000000000000000e+00
4.894557638245655262e+00,-2.232699382047508951e+00,1.000000000000000000e+00
5.731523094859136691e+00,-1.017162775875975811e+00,1.000000000000000000e+00
-8.039027784454519932e+00,3.995106646698324493e+00,3.000000000000000000e+00
5.594302843534804559e+00,4.153209313727185048e+00,0.000000000000000000e+00
3.615054826315837744e+00,3.769199513574913230e+00,0.000000000000000000e+00
-1.920440990075493293e+00,-9.933139652515713180e+00,2.000000000000000000e+00
-6.386193746668725746e-01,-7.546683871450470704e+00,2.000000000000000000e+00
-3.279379170110827690e-01,-6.906352382239322907e+00,2.000000000000000000e+00
5.610946595584209717e+00,-3.112550502625859750e+00,1.000000000000000000e+00
6.892392977820327893e+00,-2.069699337253558813e+00,1.000000000000000000e+00
-6.700152545020074957e-01,-8.148893894479709132e+00,2.000000000000000000e+00
-2.112044496856903208e+00,-9.632700784415572315e+00,2.000000000000000000e+00
-2.325533168216393332e+00,-7.397336940179386922e+00,2.000000000000000000e+00
4.646455699129536931e+00,4.208848890636446072e+00,0.000000000000000000e+00
5.727494487734378303e+00,-2.871486157635461112e+00,1.000000000000000000e+00
-7.038793396706982008e+00,3.701447067774985111e+00,3.000000000000000000e+00
-1.541933478789362155e+00,-8.058676961743524103e+00,2.000000000000000000e+00
-2.276267099909770941e+00,-8.247006137340866516e+00,2.000000000000000000e+00
-5.283704718505376263e+00,4.698984981277239292e+00,3.000000000000000000e+00
3.104716485511072044e-02,-8.210752522027672029e+00,2.000000000000000000e+00
-9.480180301316885050e-01,-8.322900179656947728e+00,2.000000000000000000e+00
-8.065823158565885720e+00,3.241165851036394763e+00,3.000000000000000000e+00
5.349196175432640921e+00,-2.068380883176356821e+00,1.000000000000000000e+00
-2.355847500173231523e+00,-7.457393469431862876e+00,2.000000000000000000e+00
5.501681054940426030e+00,-1.191993044567161597e+00,1.000000000000000000e+00
3.188501045283616442e+00,4.639497505150324663e+00,0.000000000000000000e+00
5.545457870114575805e+00,-8.873375364941427090e-01,1.000000000000000000e+00
3.463237627045848477e+00,4.232561207002848214e+00,0.000000000000000000e+00
4.625798360171356371e+00,3.815623993264654068e+00,0.000000000000000000e+00
4.295704675639647974e+00,4.864496461399455463e+00,0.000000000000000000e+00
4.935887891726338239e+00,2.706976814057598268e+00,0.000000000000000000e+00
-6.739306369137734620e+00,4.663312315516365381e+00,3.000000000000000000e+00
-2.208242165498533804e+00,-8.488408017074808853e+00,2.000000000000000000e+00
4.437657517849987521e+00,-2.539813332126633849e+00,1.000000000000000000e+00
6.107427968167026933e+00,-2.828720458638759538e+00,1.000000000000000000e+00
3.912626596920029343e+00,4.687875910561024817e+00,0.000000000000000000e+00
5.126102021913488294e+00,3.338261871205101095e+00,0.000000000000000000e+00
5.466788830410346023e+00,-2.735673681975305804e+00,1.000000000000000000e+00
6.114151438574022102e+00,-1.182551804440434839e+00,1.000000000000000000e+00
5.325854317229197221e+00,3.137398887996006636e+00,0.000000000000000000e+00
-7.503347001476073252e+00,3.659264176222212228e+00,3.000000000000000000e+00
-6.495050628810099091e+00,3.349821032255911657e+00,3.000000000000000000e+00
-6.500592674795674597e+00,4.481432281678269014e+00,3.000000000000000000e+00
-1.778062031313297542e+00,-9.070901983233103039e+00,2.000000000000000000e+00
-6.948391389959181375e+00,3.657409554764704751e+00,3.000000000000000000e+00
5.447532272003446252e+00,3.658334529774605937e+00,0.000000000000000000e+00
-4.669343260246675564e-01,-7.933193079351615218e+00,2.000000000000000000e+00
4.199758508094925347e+00,4.918160680987023525e+00,0.000000000000000000e+00
-7.391756442872973842e+00,3.033142937604851319e+00,3.000000000000000000e+00
-6.347977029170103869e+00,3.151946492404968492e+00,3.000000000000000000e+00
-7.432065840496723474e+00,2.571614460724441997e+00,3.000000000000000000e+00
-1.390012834653339358e+00,-8.006387579325597414e+00,2.000000000000000000e+00
4.143533447619999421e+00,4.104114081090033395e+00,0.000000000000000000e+00
6.011222153662580503e+00,-2.705690815717368469e+00,1.000000000000000000e+00
5.628395459171466442e+00,-1.406513515119804048e+00,1.000000000000000000e+00
-1.605455616795120388e+00,-7.846299222434022447e+00,2.000000000000000000e+00
3.747748122703160600e+00,4.525362075352045821e+00,0.000000000000000000e+00
-2.179595810394773459e+00,-8.652199132926682523e+00,2.000000000000000000e+00
-4.481197002777220106e+00,3.994125755408330480e+00,3.000000000000000000e+00
4.706490323919962471e+00,-2.599128840252649564e+00,1.000000000000000000e+00
4.800652322342549461e+00,4.066237369253549616e+00,0.000000000000000000e+00
-6.156457748605133062e+00,2.551278037861350434e+00,3.000000000000000000e+00
-1.094456023517962562e+00,-8.420326982643659974e+00,2.000000000000000000e+00
5.378128123485991452e+00,-2.353925531692188322e+00,1.000000000000000000e+00
4.883235368693418010e+00,4.372776679319533955e+00,0.000000000000000000e+00
5.550882653951017431e+00,-1.145644544333521031e+00,1.000000000000000000e+00
-3.763315676376157715e-01,-8.159420030545236457e+00,2.000000000000000000e+00
-5.970041682086840495e+00,3.387318961600374045e+00,3.000000000000000000e+00
-5.042011455860197167e+00,4.735400494369232938e+00,3.000000000000000000e+00
-5.373181287526374028e+00,4.540264849041315109e+00,3.000000000000000000e+00
-6.677061426582528547e+00,3.971753271787910489e+00,3.000000000000000000e+00
-2.067044064094701206e+00,-8.441607236709915085e+00,2.000000000000000000e+00
3.719059333373038179e+00,3.471657209643264963e+00,0.000000000000000000e+00
-7.091991603673628575e+00,3.010052283398953588e+00,3.000000000000000000e+00
7.494867771839538229e+00,-2.548447692205066062e+00,1.000000000000000000e+00
-4.936469790159335735e-01,-9.021820636373067970e+00,2.000000000000000000e+00
3.972749094048051877e+00,-2.646335234184714835e+00,1.000000000000000000e+00
-1.662548849845854715e+00,-8.667737555680506745e+00,2.000000000000000000e+00
-5.617801265086155738e+00,2.318841306666259428e+00,3.000000000000000000e+00
4.020919899830962763e+00,4.220243405996517261e+00,0.000000000000000000e+00
2.921193950197757960e+00,3.607220608294033237e+00,0.000000000000000000e+00
-2.215558576650035860e+00,-9.221717505759981393e+00,2.000000000000000000e+00
6.793762673533657370e+00,-1.537622683738638862e+00,1.000000000000000000e+00
5.160818132515391454e+00,-3.201935431321009773e+00,1.000000000000000000e+00
4.547039099022189390e+00,-7.970505742708704489e-01,1.000000000000000000e+00
-9.558056016726313997e-01,-8.890776759559924969e+00,2.000000000000000000e+00
-1.205073707879687372e+00,-9.027987046908044988e+00,2.000000000000000000e+00
5.698897802461441842e+00,3.829071754990732934e+00,0.000000000000000000e+00
5.028328513370791342e+00,-3.995150564252952563e+00,1.000000000000000000e+00
-6.351959118229871137e+00,3.622187103598121460e+00,3.000000000000000000e+00
5.639140899003787233e+00,-2.713844922450868502e+00,1.000000000000000000e+00
-1.884117537957185506e+00,-8.983849443390543144e+00,2.000000000000000000e+00
6.086635593037629022e+00,-3.210525047826963352e+00,1.000000000000000000e+00
4.537957428377671576e+00,-4.559602606277102232e-01,1.000000000000000000e+00
4.291419956672579694e+00,4.633702006370364224e+00,0.000000000000000000e+00
4.071011046220045060e+00,3.215859799331207913e+00,0.000000000000000000e+00
4.868324065840360149e+00,-1.373255960587970836e+00,1.000000000000000000e+00
5.615682257573141101e+00,-3.272935526684463081e+00,1.000000000000000000e+00
4.094471069041559552e+00,4.537290121970963597e+00,0.000000000000000000e+00
-1.753060780176397770e+00,-8.244861037272652737e+00,2.000000000000000000e+00
-5.878839401227740069e-01,-8.869690604304889092e+00,2.000000000000000000e+00
-3.003369307961883727e+00,-6.591829230432892039e+00,2.000000000000000000e+00
2.720642081182599981e+00,4.378805803369961502e+00,0.000000000000000000e+00
5.590296712657764289e+00,-2.175498011204653359e+00,1.000000000000000000e+00
-6.660366808132652139e+00,4.585686896296549797e+00,3.000000000000000000e+00
6.965498738450047078e+00,-7.012587745825780150e-01,1.000000000000000000e+00
5.115952538258569327e+00,-1.705710626872492641e+00,1.000000000000000000e+00
4.853847319085045520e+00,5.045303040553965168e+00,0.000000000000000000e+00
-5.112915912310564970e+00,2.989652713824931585e+00,3.000000000000000000e+00
-7.319993988016362252e+00,4.090019630325139488e+00,3.000000000000000000e+00
3.024788409037151293e-01,-8.525379964465217952e+00,2.000000000000000000e+00
4.676766452326161172e+00,4.079851624013747013e+00,0.000000000000000000e+00
4.218963326645259748e+00,4.363933434978478410e+00,0.000000000000000000e+00
5.786440171451946668e+00,-3.088860152898112776e+00,1.000000000000000000e+00
-5.675113416846488512e+00,4.147668608783863675e+00,3.000000000000000000e+00
-6.793697479501615177e+00,3.620388027002559905e+00,3.000000000000000000e+00
4.597053674240649812e+00,4.623701089939540765e+00,0.000000000000000000e+00
-1.186537612947789588e+00,-7.497145278629235854e+00,2.000000000000000000e+00
5.660360854679180598e+00,6.489185554900518405e+00,0.000000000000000000e+00
3.439435843292119266e+00,4.174933999683153374e+00,0.000000000000000000e+00
6.115690545032733461e+00,-1.060346737821851626e+00,1.000000000000000000e+00
4.225029021862612311e+00,3.904395521550236392e+00,0.000000000000000000e+00
2.503472644537801717e+00,3.714635373768574222e+00,0.000000000000000000e+00
7.126741820555852591e+00,-2.390172153816477074e+00,1.000000000000000000e+00
4.197527060073560357e+00,4.473583827173814420e+00,0.000000000000000000e+00
-3.349234540362329593e+00,-7.795109998361266612e+00,2.000000000000000000e+00
-1.819319094859969344e+00,-7.917537753937116562e+00,2.000000000000000000e+00
-6.430714194058051447e-03,-9.138642295312397579e+00,2.000000000000000000e+00
3.917329289983395135e+00,4.523896135007698938e+00,0.000000000000000000e+00
-1.497824401763845570e+00,-6.511368288912034785e+00,2.000000000000000000e+00
-1.616367705222166329e+00,-8.660530835250973780e+00,2.000000000000000000e+00
-7.687770040049329623e+00,4.138129931549286766e+00,3.000000000000000000e+00
5.829615633933360463e+00,-2.162460895676705075e+00,1.000000000000000000e+00
-6.500290677519328320e+00,3.738569018669604116e+00,3.000000000000000000e+00
4.902166331621881312e+00,4.965440036239225030e+00,0.000000000000000000e+00
-3.924731803276023667e-01,-7.305235748967596976e+00,2.000000000000000000e+00
-1.693003250546677663e+00,-8.486498084239354256e+00,2.000000000000000000e+00
-2.204846584700660195e+00,-8.587629940792647076e+00,2.000000000000000000e+00
-3.024698056909480570e-02,-7.781395848178742192e+00,2.000000000000000000e+00
3.610274738853838539e+00,3.763557167578738039e+00,0.000000000000000000e+00
5.616340748001773520e+00,-2.326368777156407663e+00,1.000000000000000000e+00
-6.126749173367610268e+00,4.985109127394112605e+00,3.000000000000000000e+00
3.770998340409154270e+00,3.570671989980720440e+00,0.000000000000000000e+00
6.926094521042680086e+00,-1.348829624805046645e+00,1.000000000000000000e+00
-2.252208859385187445e+00,-6.247021423747098012e+00,2.000000000000000000e+00
-6.903036578350599584e+00,4.299264292123496034e+00,3.000000000000000000e+00
-7.109843021607765934e+00,5.129151793277840099e+00,3.000000000000000000e+00
-6.694154268272093589e+00,2.879912128100614144e+00,3.000000000000000000e+00
-9.041049334209677601e-01,-7.075427154448330036e+00,2.000000000000000000e+00
5.796260808446152879e+00,-2.013826882423225051e+00,1.000000000000000000e+00
4.974812276617691431e+00,-1.563890258079097428e+00,1.000000000000000000e+00
4.632159614306387674e+00,4.742967056645211343e+00,0.000000000000000000e+00
-7.689447058785651379e+00,4.261523060548441322e+00,3.000000000000000000e+00
6.979337512010547862e+00,-2.457121061093888947e+00,1.000000000000000000e+00
-5.292993257235916182e+00,1.562821514598387473e+00,3.000000000000000000e+00
6.378869788164215571e+00,-1.925924133612154199e+00,1.000000000000000000e+00
-5.328478275786713070e+00,5.191302670813187525e+00,3.000000000000000000e+00
-5.492931728337992148e+00,2.947858671787927154e+00,3.000000000000000000e+00
-6.426549761294343410e-01,-7.392083347948187111e+00,2.000000000000000000e+00
-2.152390752075478808e+00,-8.546909810341661640e+00,2.000000000000000000e+00
-7.259122200673879810e+00,3.788609657190723290e+00,3.000000000000000000e+00
-5.552379994134549968e+00,2.919102180552251014e+00,3.000000000000000000e+00
-7.197866511790348198e+00,3.569371336040895404e+00,3.000000000000000000e+00
6.178030666811550553e+00,-2.901181822116535969e+00,1.000000000000000000e+00
-9.617699665822043720e-01,-9.002632004965398949e+00,2.000000000000000000e+00
-5.401094552495657730e+00,3.360049251444733098e+00,3.000000000000000000e+00
5.335337974003252270e+00,-2.376558180470692783e+00,1.000000000000000000e+00
5.254006938539779625e+00,-1.991137929247700722e+00,1.000000000000000000e+00
3.827107268172566190e+00,4.195302431480427252e+00,0.000000000000000000e+00
5.505888883906800757e+00,-3.694969347163853612e+00,1.000000000000000000e+00
-7.229686477170449876e+00,2.044153502627414465e+00,3.000000000000000000e+00
-1.347386295043800031e+00,-8.105929817981875729e+00,2.000000000000000000e+00
-1.068727044025449935e+00,-8.564390013716668193e+00,2.000000000000000000e+00
-5.596949026529536297e+00,3.319731482178832405e+00,3.000000000000000000e+00
-6.270328730201999434e+00,3.601462375015604067e+00,3.000000000000000000e+00
-6.318205611136678890e+00,3.918888551103437479e+00,3.000000000000000000e+00
5.501693243272017142e+00,3.812941231605617709e+00,0.000000000000000000e+00
-2.294637772125811992e+00,-7.434784041515326791e+00,2.000000000000000000e+00
5.173721165590393412e+00,-1.800365071376312187e+00,1.000000000000000000e+00
5.359247095607107880e+00,3.325718993653612898e+00,0.000000000000000000e+00
-1.271384367758706002e+00,-7.987501903316550411e+00,2.000000000000000000e+00
4.366635228521897893e+00,-2.330898204109418170e+00,1.000000000000000000e+00
5.942172422325080916e+00,-1.051496113924325737e+00,1.000000000000000000e+00
1.211621231401285304e-01,-7.239665629161402549e+00,2.000000000000000000e+00
5.815063557420060647e+00,2.476605182723509380e+00,0.000000000000000000e+00
3.476367907860211659e+00,3.854463174300956751e+00,0.000000000000000000e+00
-4.857177776226188071e-01,-8.319879075198253204e+00,2.000000000000000000e+00
-6.708279894343791128e+00,4.856850339989715160e+00,3.000000000000000000e+00
-6.507773176039798102e+00,3.916557724678461305e+00,3.000000000000000000e+00
-1.278439399857411951e+00,-7.933246866534846120e+00,2.000000000000000000e+00
-6.384161141496720759e+00,3.975410135935518507e+00,3.000000000000000000e+00
3.584690752058503627e+00,3.781058631831096584e+00,0.000000000000000000e+00
5.210698108905379655e+00,-2.108948031420169400e+00,1.000000000000000000e+00
-7.906153885252027891e+00,3.047109071676035619e+00,3.000000000000000000e+00
-1.194889289015689027e+00,-8.243622670886342263e+00,2.000000000000000000e+00
5.694561970117930194e+00,-2.403578750038059209e+00,1.000000000000000000e+00
6.832344027130170083e+00,-2.090813598554156272e+00,1.000000000000000000e+00
-6.945611873189669438e+00,2.616039549871451264e+00,3.000000000000000000e+00
-5.808812485669657910e+00,2.894705071184277223e+00,3.000000000000000000e+00
-6.451889657408074186e+00,4.725676353980716726e+00,3.000000000000000000e+00
-1.328332591997674061e-01,-7.918917584306743862e+00,2.000000000000000000e+00
-2.251516152529722703e+00,-7.260556579891097151e+00,2.000000000000000000e+00
-7.009971196772652569e+00,3.545071115217389934e+00,3.000000000000000000e+00
-6.861299305543832716e+00,2.998791110299334317e+00,3.000000000000000000e+00
5.516024020342697121e+00,-8.794859194092123911e-01,1.000000000000000000e+00
-6.686863649699698264e+00,4.327677139801458850e+00,3.000000000000000000e+00
-1.505558323876494242e+00,-8.605498110326402994e+00,2.000000000000000000e+00
4.461334150214512739e+00,2.973160317821230247e+00,0.000000000000000000e+00
-6.466341765594368240e+00,4.111061892071281143e+00,3.000000000000000000e+00
-2.140028419233984014e+00,-8.289162856986671102e+00,2.000000000000000000e+00
-7.073610756004654609e-01,-8.514106419965150607e+00,2.000000000000000000e+00
-6.937161274996849869e+00,4.409901921671616876e+00,3.000000000000000000e+00
4.820843050419157727e+00,-3.973585587473984049e+00,1.000000000000000000e+00
5.189279399491450562e+00,-2.005451389882667801e+00,1.000000000000000000e+00
-6.467555065675050230e+00,4.538932516312725873e+00,3.000000000000000000e+00
5.927406568685869459e+00,-1.705832088007776193e+00,1.000000000000000000e+00
6.093904379024343676e+00,-1.581339061129592993e+00,1.000000000000000000e+00
4.563952181651552920e+00,2.407294818402840875e+00,0.000000000000000000e+00
3.753411847350978547e+00,5.165436787850404166e+00,0.000000000000000000e+00
5.443014535356823558e+00,3.588544137526518352e+00,0.000000000000000000e+00
-1.522923029163191222e+00,-9.366511584090474685e+00,2.000000000000000000e+00
5.073838155184986931e+00,4.464202314935330485e+00,0.000000000000000000e+00
-6.297053222012146456e+00,3.718701263300325355e+00,3.000000000000000000e+00
5.540908306663766325e+00,4.628312456301478583e+00,0.000000000000000000e+00
3.698087778197835629e+00,3.120221826873264437e+00,0.000000000000000000e+00
5.934903074550122781e+00,-1.568291605508193021e+00,1.000000000000000000e+00
-7.269587935370801723e+00,5.554226251096836542e+00,3.000000000000000000e+00
-5.540342670578725759e+00,4.379338280435241870e+00,3.000000000000000000e+00
1.290904159982042110e+00,-6.434878228369493414e+00,2.000000000000000000e+00
4.911356463801227257e+00,-1.229267680901899418e+00,1.000000000000000000e+00
-7.061040769209812495e+00,3.018070055835501808e+00,3.000000000000000000e+00
-2.044312313436569273e-01,-9.437422871547951786e+00,2.000000000000000000e+00
4.703752537265034839e+00,4.223898851132791954e+00,0.000000000000000000e+00
-6.647905380804806974e+00,4.631930295400676023e+00,3.000000000000000000e+00
1.328943671366206392e+00,-9.803449136642376160e+00,2.000000000000000000e+00
5.119993319827203848e+00,3.658288067626172868e+00,0.000000000000000000e+00
-6.148916236400616242e+00,1.800991924585484849e+00,3.000000000000000000e+00
-2.537938211331885352e+00,-8.515824353154252790e+00,2.000000000000000000e+00
